Year,Country,Value($m),Type
2013,Afghanistan,0,Import
2013,Albania,0,Import
2013,Algeria,82,Import
2013,Angola,34,Import
2013,Antigua and Barbuda,0,Import
2013,Argentina,811,Import
2013,Armenia,0,Import
2013,Austria,914,Import
2013,Azerbaijan,286,Import
2013,Bahrain,76,Import
2013,Bangladesh,464,Import
2013,Barbados,2,Import
2013,Belarus,5,Import
2013,Belgium,1688,Import
2013,Belize,2,Import
2013,Benin,0,Import
2013,Bermuda,22,Import
2013,Bhutan,0,Import
2013,Bolivia,22,Import
2013,Bosnia and Herz.,0,Import
2013,Botswana,1,Import
2013,Brazil,577,Import
2013,Brunei Darussalam,854,Import
2013,Bulgaria,45,Import
2013,Burkina Faso,0,Import
2013,Burundi,0,Import
2013,Cabo Verde,0,Import
2013,Cambodia,81,Import
2013,Cameroon,0,Import
2013,Canada,1999,Import
2013,Cayman Islands,0,Import
2013,Central African Republic,0,Import
2013,Chad,0,Import
2013,Chile,1003,Import
2013,China,47158,Import
2013,Colombia,55,Import
2013,Comoros,0,Import
2013,Dem. Rep. Congo,2,Import
2013,Congo,942,Import
2013,Costa Rica,134,Import
2013,Côte d'Ivoire,10,Import
2013,Croatia,22,Import
2013,Cuba,10,Import
2013,Cyprus,17,Import
2013,Czechia,642,Import
2013,Denmark,1094,Import
2013,Greenland,1094,Import
2013,Djibouti,0,Import
2013,Dominica,0,Import
2013,Dominican Rep.,28,Import
2013,Ecuador,20,Import
2013,Egypt,26,Import
2013,El Salvador,10,Import
2013,Equatorial Guinea,30,Import
2013,Eritrea,0,Import
2013,Estonia,47,Import
2013,Eswatini,4,Import
2013,Ethiopia,17,Import
2013,Fiji,162,Import
2013,Finland,825,Import
2013,France,4007,Import
2013,French Polynesia,0,Import
2013,Gabon,976,Import
2013,Georgia,1,Import
2013,Germany,11428,Import
2013,Ghana,6,Import
2013,Gibraltar,0,Import
2013,Greece,170,Import
2013,Grenada,0,Import
2013,Guam,0,Import
2013,Guatemala,11,Import
2013,Guinea,0,Import
2013,Guinea-Bissau,0,Import
2013,Guyana,0,Import
2013,Haiti,0,Import
2013,Honduras,32,Import
2013,Hong Kong,1221,Import
2013,Hungary,307,Import
2013,Iceland,12,Import
2013,India,2401,Import
2013,Indonesia,5854,Import
2013,Iran,29,Import
2013,Iraq,0,Import
2013,Ireland,1517,Import
2013,Israel,691,Import
2013,Italy,5789,Import
2013,Jamaica,0,Import
2013,Japan,18941,Import
2013,Jordan,12,Import
2013,Kazakhstan,0,Import
2013,Kenya,30,Import
2013,Kiribati,0,Import
2013,South Korea,10575,Import
2013,Kuwait,412,Import
2013,Laos,51,Import
2013,Latvia,11,Import
2013,Lebanon,12,Import
2013,Lesotho,0,Import
2013,Liberia,0,Import
2013,Libya,761,Import
2013,Lithuania,50,Import
2013,Luxembourg,46,Import
2013,Madagascar,1,Import
2013,Malawi,0,Import
2013,Malaysia,9481,Import
2013,Maldives,0,Import
2013,Mali,1,Import
2013,Malta,20,Import
2013,Marshall Islands,0,Import
2013,Mauritania,0,Import
2013,Mauritius,13,Import
2013,Mexico,2089,Import
2013,Moldova,0,Import
2013,Mongolia,0,Import
2013,Montenegro,0,Import
2013,Morocco,28,Import
2013,Mozambique,0,Import
2013,Myanmar,23,Import
2013,Namibia,7,Import
2013,Nauru,14,Import
2013,Nepal,6,Import
2013,Netherlands,1672,Import
2013,New Caledonia,131,Import
2013,New Zealand,7401,Import
2013,Nicaragua,13,Import
2013,Niger,1,Import
2013,Nigeria,1871,Import
2013,North Macedonia,4,Import
2013,Northern Mariana Islands,0,Import
2013,Norway,413,Import
2013,Oman,83,Import
2013,Pakistan,195,Import
2013,Palau,0,Import
2013,Panama,6,Import
2013,Papua New Guinea,3000,Import
2013,Paraguay,0,Import
2013,Peru,138,Import
2013,Philippines,740,Import
2013,Poland,564,Import
2013,Portugal,137,Import
2013,Puerto Rico,492,Import
2013,Qatar,722,Import
2013,Romania,80,Import
2013,Russia,1057,Import
2013,Rwanda,0,Import
2013,Samoa,35,Import
2013,Sao Tome and Principe,0,Import
2013,Saudi Arabia,270,Import
2013,Senegal,0,Import
2013,Serbia,13,Import
2013,Seychelles,0,Import
2013,Sierra Leone,15,Import
2013,Singapore,12900,Import
2013,Slovenia,88,Import
2013,Solomon Islands,93,Import
2013,Somalia,0,Import
2013,South Africa,906,Import
2013,South Sudan,0,Import
2013,"Southern and East Africa, nec",0,Import
2013,Spain,2555,Import
2013,Sri Lanka,155,Import
2013,St Lucia,0,Import
2013,St Vincent and the Grenadines,0,Import
2013,Sudan,0,Import
2013,Suriname,0,Import
2013,Sweden,2132,Import
2013,Switzerland (includes Liechtenstein),2968,Import
2013,Syria,0,Import
2013,Taiwan,3988,Import
2013,Tajikistan,0,Import
2013,Tanzania,6,Import
2013,Thailand,11392,Import
2013,Timor-Leste,1,Import
2013,Togo,0,Import
2013,Tonga,0,Import
2013,Trinidad and Tobago,8,Import
2013,Tunisia,18,Import
2013,Turkey,643,Import
2013,Turkmenistan,0,Import
2013,Turks and Caicos Islands,0,Import
2013,Tuvalu,0,Import
2013,Uganda,1,Import
2013,Ukraine,47,Import
2013,United Arab Emirates,3770,Import
2013,United Kingdom,6194,Import
2013,United States of America,24571,Import
2013,U.S. Virgin Islands,24571,Import
2013,Uruguay,21,Import
2013,Uzbekistan,0,Import
2013,Vanuatu,0,Import
2013,Vietnam,3813,Import
2013,"Virgin Islands, United States",0,Import
2013,Yemen,0,Import
2013,Zambia,0,Import
2013,Zimbabwe,0,Import
2014,Afghanistan,0,Import
2014,Albania,0,Import
2014,Algeria,2,Import
2014,Angola,38,Import
2014,Antigua and Barbuda,0,Import
2014,Argentina,772,Import
2014,Armenia,0,Import
2014,Austria,1039,Import
2014,Azerbaijan,85,Import
2014,Bahrain,69,Import
2014,Bangladesh,557,Import
2014,Barbados,0,Import
2014,Belarus,0,Import
2014,Belgium,1747,Import
2014,Belize,2,Import
2014,Benin,0,Import
2014,Bermuda,9,Import
2014,Bhutan,0,Import
2014,Bolivia,29,Import
2014,Bosnia and Herz.,4,Import
2014,Botswana,0,Import
2014,Brazil,599,Import
2014,Brunei Darussalam,945,Import
2014,Bulgaria,47,Import
2014,Burkina Faso,0,Import
2014,Burundi,0,Import
2014,Cabo Verde,0,Import
2014,Cambodia,119,Import
2014,Cameroon,0,Import
2014,Canada,2039,Import
2014,Cayman Islands,1,Import
2014,Central African Republic,0,Import
2014,Chad,0,Import
2014,Chile,943,Import
2014,China,51976,Import
2014,Colombia,68,Import
2014,Comoros,0,Import
2014,Dem. Rep. Congo,0,Import
2014,Congo,866,Import
2014,Costa Rica,134,Import
2014,Côte d'Ivoire,19,Import
2014,Croatia,24,Import
2014,Cuba,10,Import
2014,Cyprus,20,Import
2014,Czechia,611,Import
2014,Denmark,1085,Import
2014,Greenland,1085,Import
2014,Djibouti,0,Import
2014,Dominica,0,Import
2014,Dominican Rep.,30,Import
2014,Ecuador,21,Import
2014,Egypt,39,Import
2014,El Salvador,19,Import
2014,Equatorial Guinea,34,Import
2014,Eritrea,0,Import
2014,Estonia,37,Import
2014,Eswatini,0,Import
2014,Ethiopia,23,Import
2014,Fiji,156,Import
2014,Finland,763,Import
2014,France,4247,Import
2014,French Polynesia,0,Import
2014,Gabon,1130,Import
2014,Georgia,5,Import
2014,Germany,11851,Import
2014,Ghana,137,Import
2014,Gibraltar,0,Import
2014,Greece,205,Import
2014,Grenada,0,Import
2014,Guam,0,Import
2014,Guatemala,14,Import
2014,Guinea,0,Import
2014,Guinea-Bissau,0,Import
2014,Guyana,0,Import
2014,Haiti,0,Import
2014,Honduras,61,Import
2014,Hong Kong,1196,Import
2014,Hungary,473,Import
2014,Iceland,22,Import
2014,India,3066,Import
2014,Indonesia,6178,Import
2014,Iran,33,Import
2014,Iraq,0,Import
2014,Ireland,1572,Import
2014,Israel,733,Import
2014,Italy,6085,Import
2014,Jamaica,0,Import
2014,Japan,17178,Import
2014,Jordan,25,Import
2014,Kazakhstan,1,Import
2014,Kenya,34,Import
2014,Kiribati,0,Import
2014,South Korea,12334,Import
2014,Kuwait,99,Import
2014,Laos,1,Import
2014,Latvia,18,Import
2014,Lebanon,15,Import
2014,Lesotho,0,Import
2014,Liberia,0,Import
2014,Libya,0,Import
2014,Lithuania,34,Import
2014,Luxembourg,19,Import
2014,Madagascar,4,Import
2014,Malawi,0,Import
2014,Malaysia,11119,Import
2014,Maldives,0,Import
2014,Mali,22,Import
2014,Malta,22,Import
2014,Marshall Islands,0,Import
2014,Mauritania,0,Import
2014,Mauritius,15,Import
2014,Mexico,1970,Import
2014,Moldova,0,Import
2014,Mongolia,0,Import
2014,Montenegro,0,Import
2014,Morocco,87,Import
2014,Mozambique,0,Import
2014,Myanmar,25,Import
2014,Namibia,8,Import
2014,Nauru,5,Import
2014,Nepal,7,Import
2014,Netherlands,1949,Import
2014,New Caledonia,204,Import
2014,New Zealand,7848,Import
2014,Nicaragua,15,Import
2014,Niger,1,Import
2014,Nigeria,1615,Import
2014,North Macedonia,9,Import
2014,Northern Mariana Islands,0,Import
2014,Norway,441,Import
2014,Oman,42,Import
2014,Pakistan,211,Import
2014,Palau,0,Import
2014,Panama,9,Import
2014,Papua New Guinea,3665,Import
2014,Paraguay,1,Import
2014,Peru,141,Import
2014,Philippines,1175,Import
2014,Poland,761,Import
2014,Portugal,153,Import
2014,Puerto Rico,371,Import
2014,Qatar,582,Import
2014,Romania,118,Import
2014,Russia,1307,Import
2014,Rwanda,0,Import
2014,Samoa,29,Import
2014,Sao Tome and Principe,0,Import
2014,Saudi Arabia,426,Import
2014,Senegal,0,Import
2014,Serbia,12,Import
2014,Seychelles,2,Import
2014,Sierra Leone,0,Import
2014,Singapore,12567,Import
2014,Slovenia,108,Import
2014,Solomon Islands,40,Import
2014,Somalia,0,Import
2014,South Africa,913,Import
2014,South Sudan,0,Import
2014,"Southern and East Africa, nec",0,Import
2014,Spain,3075,Import
2014,Sri Lanka,181,Import
2014,St Lucia,0,Import
2014,St Vincent and the Grenadines,0,Import
2014,Sudan,0,Import
2014,Suriname,0,Import
2014,Sweden,2037,Import
2014,Switzerland (includes Liechtenstein),2812,Import
2014,Syria,0,Import
2014,Taiwan,4402,Import
2014,Tajikistan,0,Import
2014,Tanzania,34,Import
2014,Thailand,10909,Import
2014,Timor-Leste,1,Import
2014,Togo,8,Import
2014,Tonga,0,Import
2014,Trinidad and Tobago,10,Import
2014,Tunisia,22,Import
2014,Turkey,755,Import
2014,Turkmenistan,0,Import
2014,Turks and Caicos Islands,0,Import
2014,Tuvalu,0,Import
2014,Uganda,1,Import
2014,Ukraine,33,Import
2014,United Arab Emirates,2817,Import
2014,United Kingdom,6073,Import
2014,United States of America,26419,Import
2014,Uruguay,27,Import
2014,Uzbekistan,0,Import
2014,Vanuatu,0,Import
2014,Vietnam,4944,Import
2014,"Virgin Islands, United States",0,Import
2014,Yemen,0,Import
2014,Zambia,0,Import
2014,Zimbabwe,0,Import
2015,Afghanistan,0,Import
2015,Albania,0,Import
2015,Algeria,0,Import
2015,Angola,26,Import
2015,Antigua and Barbuda,2,Import
2015,Argentina,828,Import
2015,Armenia,0,Import
2015,Austria,1124,Import
2015,Azerbaijan,0,Import
2015,Bahrain,92,Import
2015,Bangladesh,848,Import
2015,Barbados,0,Import
2015,Belarus,0,Import
2015,Belgium,1636,Import
2015,Belize,0,Import
2015,Benin,0,Import
2015,Bermuda,2,Import
2015,Bhutan,0,Import
2015,Bolivia,23,Import
2015,Bosnia and Herz.,11,Import
2015,Botswana,0,Import
2015,Brazil,644,Import
2015,Brunei Darussalam,397,Import
2015,Bulgaria,59,Import
2015,Burkina Faso,0,Import
2015,Burundi,0,Import
2015,Cabo Verde,0,Import
2015,Cambodia,161,Import
2015,Cameroon,0,Import
2015,Canada,2224,Import
2015,Cayman Islands,10,Import
2015,Central African Republic,0,Import
2015,Chad,0,Import
2015,Chile,875,Import
2015,China,61670,Import
2015,Colombia,82,Import
2015,Comoros,0,Import
2015,Dem. Rep. Congo,0,Import
2015,Congo,129,Import
2015,Costa Rica,111,Import
2015,Côte d'Ivoire,26,Import
2015,Croatia,27,Import
2015,Cuba,13,Import
2015,Cyprus,22,Import
2015,Czechia,841,Import
2015,Denmark,1125,Import
2015,Greenland,1125,Import
2015,Djibouti,0,Import
2015,Dominica,0,Import
2015,Dominican Rep.,34,Import
2015,Ecuador,34,Import
2015,Egypt,34,Import
2015,El Salvador,23,Import
2015,Equatorial Guinea,47,Import
2015,Eritrea,0,Import
2015,Estonia,61,Import
2015,Eswatini,0,Import
2015,Ethiopia,28,Import
2015,Fiji,185,Import
2015,Finland,723,Import
2015,France,4370,Import
2015,French Polynesia,0,Import
2015,Gabon,592,Import
2015,Georgia,3,Import
2015,Germany,12366,Import
2015,Ghana,7,Import
2015,Gibraltar,0,Import
2015,Greece,199,Import
2015,Grenada,0,Import
2015,Guam,3,Import
2015,Guatemala,29,Import
2015,Guinea,0,Import
2015,Guinea-Bissau,0,Import
2015,Guyana,0,Import
2015,Haiti,0,Import
2015,Honduras,51,Import
2015,Hong Kong,1203,Import
2015,Hungary,547,Import
2015,Iceland,23,Import
2015,India,4769,Import
2015,Indonesia,5623,Import
2015,Iran,32,Import
2015,Iraq,0,Import
2015,Ireland,2091,Import
2015,Israel,794,Import
2015,Italy,5813,Import
2015,Jamaica,0,Import
2015,Japan,19699,Import
2015,Jordan,39,Import
2015,Kazakhstan,2,Import
2015,Kenya,41,Import
2015,Kiribati,0,Import
2015,South Korea,15099,Import
2015,Kuwait,11,Import
2015,Laos,3,Import
2015,Latvia,21,Import
2015,Lebanon,15,Import
2015,Lesotho,0,Import
2015,Liberia,0,Import
2015,Libya,0,Import
2015,Lithuania,45,Import
2015,Luxembourg,25,Import
2015,Madagascar,6,Import
2015,Malawi,0,Import
2015,Malaysia,9949,Import
2015,Maldives,0,Import
2015,Mali,5,Import
2015,Malta,22,Import
2015,Marshall Islands,0,Import
2015,Mauritania,0,Import
2015,Mauritius,23,Import
2015,Mexico,2461,Import
2015,Moldova,0,Import
2015,Mongolia,9,Import
2015,Montenegro,0,Import
2015,Morocco,41,Import
2015,Mozambique,0,Import
2015,Myanmar,48,Import
2015,Namibia,11,Import
2015,Nauru,15,Import
2015,Nepal,9,Import
2015,Netherlands,2124,Import
2015,New Caledonia,146,Import
2015,New Zealand,7609,Import
2015,Nicaragua,18,Import
2015,Niger,1,Import
2015,Nigeria,0,Import
2015,North Macedonia,10,Import
2015,Northern Mariana Islands,0,Import
2015,Norway,362,Import
2015,Oman,78,Import
2015,Pakistan,278,Import
2015,Palau,0,Import
2015,Panama,7,Import
2015,Papua New Guinea,2985,Import
2015,Paraguay,1,Import
2015,Peru,139,Import
2015,Philippines,744,Import
2015,Poland,763,Import
2015,Portugal,191,Import
2015,Puerto Rico,420,Import
2015,Qatar,555,Import
2015,Romania,135,Import
2015,Russia,337,Import
2015,Rwanda,1,Import
2015,Samoa,33,Import
2015,Sao Tome and Principe,0,Import
2015,Saudi Arabia,434,Import
2015,Senegal,0,Import
2015,Serbia,17,Import
2015,Seychelles,1,Import
2015,Sierra Leone,1,Import
2015,Singapore,9190,Import
2015,Slovenia,129,Import
2015,Solomon Islands,11,Import
2015,Somalia,0,Import
2015,South Africa,1186,Import
2015,South Sudan,0,Import
2015,"Southern and East Africa, nec",0,Import
2015,Spain,2055,Import
2015,Sri Lanka,211,Import
2015,St Lucia,0,Import
2015,St Vincent and the Grenadines,0,Import
2015,Sudan,1,Import
2015,Suriname,0,Import
2015,Sweden,1937,Import
2015,Switzerland (includes Liechtenstein),3203,Import
2015,Syria,0,Import
2015,Taiwan,4736,Import
2015,Tajikistan,0,Import
2015,Tanzania,7,Import
2015,Thailand,13575,Import
2015,Timor-Leste,1,Import
2015,Togo,12,Import
2015,Tonga,0,Import
2015,Trinidad and Tobago,11,Import
2015,Tunisia,29,Import
2015,Turkey,818,Import
2015,Turkmenistan,1,Import
2015,Turks and Caicos Islands,0,Import
2015,Tuvalu,0,Import
2015,Uganda,0,Import
2015,Ukraine,27,Import
2015,United Arab Emirates,2471,Import
2015,United Kingdom,7112,Import
2015,United States of America,29642,Import
2015,Uruguay,20,Import
2015,Uzbekistan,0,Import
2015,Vanuatu,0,Import
2015,Vietnam,4481,Import
2015,"Virgin Islands, United States",0,Import
2015,Yemen,0,Import
2015,Zambia,3,Import
2015,Zimbabwe,0,Import
2016,Afghanistan,0,Import
2016,Albania,2,Import
2016,Algeria,370,Import
2016,Angola,13,Import
2016,Antigua and Barbuda,0,Import
2016,Argentina,668,Import
2016,Armenia,0,Import
2016,Austria,1442,Import
2016,Azerbaijan,0,Import
2016,Bahrain,61,Import
2016,Bangladesh,886,Import
2016,Barbados,1,Import
2016,Belarus,0,Import
2016,Belgium,1700,Import
2016,Belize,0,Import
2016,Benin,0,Import
2016,Bermuda,0,Import
2016,Bhutan,0,Import
2016,Bolivia,13,Import
2016,Bosnia and Herz.,27,Import
2016,Botswana,0,Import
2016,Brazil,754,Import
2016,Brunei Darussalam,315,Import
2016,Bulgaria,70,Import
2016,Burkina Faso,0,Import
2016,Burundi,0,Import
2016,Cabo Verde,0,Import
2016,Cambodia,213,Import
2016,Cameroon,0,Import
2016,Canada,2102,Import
2016,Cayman Islands,1,Import
2016,Central African Republic,0,Import
2016,Chad,0,Import
2016,Chile,533,Import
2016,China,59374,Import
2016,Colombia,76,Import
2016,Comoros,0,Import
2016,Dem. Rep. Congo,0,Import
2016,Congo,268,Import
2016,Costa Rica,113,Import
2016,Côte d'Ivoire,21,Import
2016,Croatia,30,Import
2016,Cuba,12,Import
2016,Cyprus,29,Import
2016,Czechia,752,Import
2016,Denmark,1211,Import
2016,Greenland,1211,Import
2016,Djibouti,0,Import
2016,Dominica,0,Import
2016,Dominican Rep.,76,Import
2016,Ecuador,30,Import
2016,Egypt,34,Import
2016,El Salvador,11,Import
2016,Equatorial Guinea,88,Import
2016,Eritrea,0,Import
2016,Estonia,74,Import
2016,Eswatini,2,Import
2016,Ethiopia,24,Import
2016,Fiji,189,Import
2016,Finland,764,Import
2016,France,4511,Import
2016,French Polynesia,0,Import
2016,Gabon,604,Import
2016,Georgia,1,Import
2016,Germany,13525,Import
2016,Ghana,11,Import
2016,Gibraltar,0,Import
2016,Greece,213,Import
2016,Grenada,0,Import
2016,Guam,0,Import
2016,Guatemala,18,Import
2016,Guinea,0,Import
2016,Guinea-Bissau,0,Import
2016,Guyana,0,Import
2016,Haiti,1,Import
2016,Honduras,24,Import
2016,Hong Kong,921,Import
2016,Hungary,584,Import
2016,Iceland,17,Import
2016,India,4366,Import
2016,Indonesia,4909,Import
2016,Iran,84,Import
2016,Iraq,0,Import
2016,Ireland,2731,Import
2016,Israel,794,Import
2016,Italy,5898,Import
2016,Jamaica,0,Import
2016,Japan,19583,Import
2016,Jordan,30,Import
2016,Kazakhstan,0,Import
2016,Kenya,30,Import
2016,Kiribati,0,Import
2016,South Korea,10932,Import
2016,Kuwait,19,Import
2016,Laos,12,Import
2016,Latvia,16,Import
2016,Lebanon,16,Import
2016,Lesotho,0,Import
2016,Liberia,0,Import
2016,Libya,0,Import
2016,Lithuania,50,Import
2016,Luxembourg,21,Import
2016,Madagascar,11,Import
2016,Malawi,0,Import
2016,Malaysia,9316,Import
2016,Maldives,1,Import
2016,Mali,5,Import
2016,Malta,23,Import
2016,Marshall Islands,0,Import
2016,Mauritania,0,Import
2016,Mauritius,26,Import
2016,Mexico,2504,Import
2016,Moldova,0,Import
2016,Mongolia,1,Import
2016,Montenegro,0,Import
2016,Morocco,66,Import
2016,Mozambique,0,Import
2016,Myanmar,32,Import
2016,Namibia,10,Import
2016,Nauru,7,Import
2016,Nepal,8,Import
2016,Netherlands,2265,Import
2016,New Caledonia,30,Import
2016,New Zealand,7549,Import
2016,Nicaragua,19,Import
2016,Niger,0,Import
2016,Nigeria,0,Import
2016,North Macedonia,12,Import
2016,Northern Mariana Islands,0,Import
2016,Norway,319,Import
2016,Oman,48,Import
2016,Pakistan,347,Import
2016,Palau,0,Import
2016,Panama,3,Import
2016,Papua New Guinea,3557,Import
2016,Paraguay,2,Import
2016,Peru,353,Import
2016,Philippines,778,Import
2016,Poland,893,Import
2016,Portugal,209,Import
2016,Puerto Rico,330,Import
2016,Qatar,343,Import
2016,Romania,252,Import
2016,Russia,219,Import
2016,Rwanda,0,Import
2016,Samoa,33,Import
2016,Sao Tome and Principe,0,Import
2016,Saudi Arabia,435,Import
2016,Senegal,2,Import
2016,Serbia,24,Import
2016,Seychelles,0,Import
2016,Sierra Leone,1,Import
2016,Singapore,6990,Import
2016,Slovenia,135,Import
2016,Solomon Islands,10,Import
2016,Somalia,0,Import
2016,South Africa,1059,Import
2016,South Sudan,0,Import
2016,"Southern and East Africa, nec",0,Import
2016,Spain,2092,Import
2016,Sri Lanka,223,Import
2016,St Lucia,0,Import
2016,St Vincent and the Grenadines,0,Import
2016,Sudan,1,Import
2016,Suriname,0,Import
2016,Sweden,2048,Import
2016,Switzerland (includes Liechtenstein),3170,Import
2016,Syria,0,Import
2016,Taiwan,4354,Import
2016,Tajikistan,0,Import
2016,Tanzania,4,Import
2016,Thailand,14581,Import
2016,Timor-Leste,1,Import
2016,Togo,11,Import
2016,Tonga,1,Import
2016,Trinidad and Tobago,9,Import
2016,Tunisia,31,Import
2016,Turkey,993,Import
2016,Turkmenistan,2,Import
2016,Turks and Caicos Islands,0,Import
2016,Tuvalu,0,Import
2016,Uganda,3,Import
2016,Ukraine,45,Import
2016,United Arab Emirates,2044,Import
2016,United Kingdom,7125,Import
2016,United States of America,28809,Import
2016,Uruguay,23,Import
2016,Uzbekistan,0,Import
2016,Vanuatu,0,Import
2016,Vietnam,4505,Import
2016,"Virgin Islands, United States",1,Import
2016,Yemen,0,Import
2016,Zambia,0,Import
2016,Zimbabwe,0,Import
2017,Afghanistan,0,Import
2017,Albania,0,Import
2017,Algeria,430,Import
2017,Angola,0,Import
2017,Antigua and Barbuda,2,Import
2017,Argentina,731,Import
2017,Armenia,0,Import
2017,Austria,1614,Import
2017,Azerbaijan,0,Import
2017,Bahrain,88,Import
2017,Bangladesh,851,Import
2017,Barbados,0,Import
2017,Belarus,2,Import
2017,Belgium,1976,Import
2017,Belize,1,Import
2017,Benin,0,Import
2017,Bermuda,0,Import
2017,Bhutan,0,Import
2017,Bolivia,18,Import
2017,Bosnia and Herz.,24,Import
2017,Botswana,8,Import
2017,Brazil,736,Import
2017,Brunei Darussalam,272,Import
2017,Bulgaria,68,Import
2017,Burkina Faso,0,Import
2017,Burundi,0,Import
2017,Cabo Verde,0,Import
2017,Cambodia,175,Import
2017,Cameroon,0,Import
2017,Canada,2134,Import
2017,Cayman Islands,19,Import
2017,Central African Republic,0,Import
2017,Chad,0,Import
2017,Chile,454,Import
2017,China,63978,Import
2017,Colombia,99,Import
2017,Comoros,0,Import
2017,Dem. Rep. Congo,0,Import
2017,Congo,314,Import
2017,Costa Rica,120,Import
2017,Côte d'Ivoire,20,Import
2017,Croatia,37,Import
2017,Cuba,12,Import
2017,Cyprus,27,Import
2017,Czechia,716,Import
2017,Denmark,1317,Import
2017,Greenland,1317,Import
2017,Djibouti,1,Import
2017,Dominica,0,Import
2017,Dominican Rep.,62,Import
2017,Ecuador,31,Import
2017,Egypt,50,Import
2017,El Salvador,12,Import
2017,Equatorial Guinea,26,Import
2017,Eritrea,0,Import
2017,Estonia,96,Import
2017,Eswatini,4,Import
2017,Ethiopia,29,Import
2017,Fiji,175,Import
2017,Finland,864,Import
2017,France,4793,Import
2017,French Polynesia,0,Import
2017,Gabon,571,Import
2017,Georgia,3,Import
2017,Germany,13678,Import
2017,Ghana,8,Import
2017,Gibraltar,0,Import
2017,Greece,229,Import
2017,Grenada,0,Import
2017,Guam,1,Import
2017,Guatemala,20,Import
2017,Guinea,0,Import
2017,Guinea-Bissau,0,Import
2017,Guyana,0,Import
2017,Haiti,0,Import
2017,Honduras,41,Import
2017,Hong Kong,752,Import
2017,Hungary,619,Import
2017,Iceland,9,Import
2017,India,5099,Import
2017,Indonesia,4179,Import
2017,Iran,44,Import
2017,Iraq,0,Import
2017,Ireland,1799,Import
2017,Israel,813,Import
2017,Italy,6230,Import
2017,Jamaica,0,Import
2017,Japan,20974,Import
2017,Jordan,21,Import
2017,Kazakhstan,0,Import
2017,Kenya,34,Import
2017,Kiribati,0,Import
2017,South Korea,20852,Import
2017,Kuwait,40,Import
2017,Laos,16,Import
2017,Latvia,19,Import
2017,Lebanon,19,Import
2017,Lesotho,0,Import
2017,Liberia,0,Import
2017,Libya,54,Import
2017,Lithuania,64,Import
2017,Luxembourg,33,Import
2017,Madagascar,19,Import
2017,Malawi,0,Import
2017,Malaysia,11088,Import
2017,Maldives,0,Import
2017,Mali,0,Import
2017,Malta,17,Import
2017,Marshall Islands,0,Import
2017,Mauritania,0,Import
2017,Mauritius,17,Import
2017,Mexico,2783,Import
2017,Moldova,0,Import
2017,Mongolia,0,Import
2017,Montenegro,0,Import
2017,Morocco,58,Import
2017,Mozambique,25,Import
2017,Myanmar,39,Import
2017,Namibia,9,Import
2017,Nauru,7,Import
2017,Nepal,11,Import
2017,Netherlands,2281,Import
2017,New Caledonia,32,Import
2017,New Zealand,7678,Import
2017,Nicaragua,23,Import
2017,Niger,0,Import
2017,Nigeria,517,Import
2017,North Macedonia,8,Import
2017,Northern Mariana Islands,0,Import
2017,Norway,397,Import
2017,Oman,92,Import
2017,Pakistan,301,Import
2017,Palau,0,Import
2017,Panama,9,Import
2017,Papua New Guinea,3336,Import
2017,Paraguay,3,Import
2017,Peru,356,Import
2017,Philippines,675,Import
2017,Poland,1032,Import
2017,Portugal,242,Import
2017,Puerto Rico,303,Import
2017,Qatar,320,Import
2017,Romania,171,Import
2017,Russia,407,Import
2017,Rwanda,0,Import
2017,Samoa,17,Import
2017,Sao Tome and Principe,0,Import
2017,Saudi Arabia,409,Import
2017,Senegal,1,Import
2017,Serbia,28,Import
2017,Seychelles,0,Import
2017,Sierra Leone,15,Import
2017,Singapore,8196,Import
2017,Slovenia,164,Import
2017,Solomon Islands,16,Import
2017,Somalia,0,Import
2017,South Africa,1111,Import
2017,South Sudan,0,Import
2017,"Southern and East Africa, nec",0,Import
2017,Spain,2179,Import
2017,Sri Lanka,244,Import
2017,St Lucia,0,Import
2017,St Vincent and the Grenadines,0,Import
2017,Sudan,0,Import
2017,Suriname,0,Import
2017,Sweden,2283,Import
2017,Switzerland (includes Liechtenstein),3022,Import
2017,Syria,0,Import
2017,Taiwan,4208,Import
2017,Tajikistan,0,Import
2017,Tanzania,6,Import
2017,Thailand,14346,Import
2017,Timor-Leste,1,Import
2017,Togo,27,Import
2017,Tonga,0,Import
2017,Trinidad and Tobago,8,Import
2017,Tunisia,32,Import
2017,Turkey,843,Import
2017,Turkmenistan,2,Import
2017,Turks and Caicos Islands,0,Import
2017,Tuvalu,0,Import
2017,Uganda,0,Import
2017,Ukraine,33,Import
2017,United Arab Emirates,2111,Import
2017,United Kingdom,6844,Import
2017,United States of America,29715,Import
2017,Uruguay,19,Import
2017,Uzbekistan,0,Import
2017,Vanuatu,0,Import
2017,Vietnam,5072,Import
2017,"Virgin Islands, United States",0,Import
2017,Yemen,0,Import
2017,Zambia,0,Import
2017,Zimbabwe,0,Import
2018,Afghanistan,0,Import
2018,Albania,11,Import
2018,Algeria,735,Import
2018,Angola,32,Import
2018,Antigua and Barbuda,3,Import
2018,Argentina,709,Import
2018,Armenia,0,Import
2018,Austria,1943,Import
2018,Azerbaijan,58,Import
2018,Bahrain,96,Import
2018,Bangladesh,966,Import
2018,Barbados,0,Import
2018,Belarus,22,Import
2018,Belgium,2084,Import
2018,Belize,0,Import
2018,Benin,0,Import
2018,Bermuda,0,Import
2018,Bhutan,0,Import
2018,Bolivia,14,Import
2018,Bosnia and Herz.,20,Import
2018,Botswana,0,Import
2018,Brazil,828,Import
2018,Brunei Darussalam,767,Import
2018,Bulgaria,81,Import
2018,Burkina Faso,0,Import
2018,Burundi,0,Import
2018,Cabo Verde,0,Import
2018,Cambodia,183,Import
2018,Cameroon,0,Import
2018,Canada,2148,Import
2018,Cayman Islands,1,Import
2018,Central African Republic,0,Import
2018,Chad,0,Import
2018,Chile,461,Import
2018,China,74518,Import
2018,Colombia,87,Import
2018,Comoros,0,Import
2018,Dem. Rep. Congo,0,Import
2018,Congo,510,Import
2018,Costa Rica,127,Import
2018,Côte d'Ivoire,9,Import
2018,Croatia,39,Import
2018,Cuba,10,Import
2018,Cyprus,34,Import
2018,Czechia,711,Import
2018,Denmark,1426,Import
2018,Greenland,1426,Import
2018,Djibouti,1,Import
2018,Dominica,0,Import
2018,Dominican Rep.,47,Import
2018,Ecuador,27,Import
2018,Egypt,54,Import
2018,El Salvador,11,Import
2018,Equatorial Guinea,0,Import
2018,Eritrea,0,Import
2018,Estonia,167,Import
2018,Eswatini,1,Import
2018,Ethiopia,25,Import
2018,Fiji,175,Import
2018,Finland,1135,Import
2018,France,5301,Import
2018,French Polynesia,0,Import
2018,Gabon,460,Import
2018,Georgia,0,Import
2018,Germany,15017,Import
2018,Ghana,2,Import
2018,Gibraltar,0,Import
2018,Greece,265,Import
2018,Grenada,0,Import
2018,Guam,0,Import
2018,Guatemala,22,Import
2018,Guinea,0,Import
2018,Guinea-Bissau,0,Import
2018,Guyana,0,Import
2018,Haiti,0,Import
2018,Honduras,79,Import
2018,Hong Kong,1005,Import
2018,Hungary,623,Import
2018,Iceland,13,Import
2018,India,5492,Import
2018,Indonesia,4972,Import
2018,Iran,63,Import
2018,Iraq,0,Import
2018,Ireland,1923,Import
2018,Israel,802,Import
2018,Italy,7037,Import
2018,Jamaica,0,Import
2018,Japan,22523,Import
2018,Jordan,54,Import
2018,Kazakhstan,1,Import
2018,Kenya,38,Import
2018,Kiribati,0,Import
2018,South Korea,13188,Import
2018,Kuwait,51,Import
2018,Laos,22,Import
2018,Latvia,69,Import
2018,Lebanon,21,Import
2018,Lesotho,0,Import
2018,Liberia,0,Import
2018,Libya,720,Import
2018,Lithuania,110,Import
2018,Luxembourg,29,Import
2018,Madagascar,30,Import
2018,Malawi,0,Import
2018,Malaysia,12928,Import
2018,Maldives,2,Import
2018,Mali,0,Import
2018,Malta,18,Import
2018,Marshall Islands,1,Import
2018,Mauritania,0,Import
2018,Mauritius,27,Import
2018,Mexico,3103,Import
2018,Moldova,0,Import
2018,Mongolia,1,Import
2018,Montenegro,0,Import
2018,Morocco,44,Import
2018,Mozambique,11,Import
2018,Myanmar,42,Import
2018,Namibia,56,Import
2018,Nauru,4,Import
2018,Nepal,10,Import
2018,Netherlands,3015,Import
2018,New Caledonia,47,Import
2018,New Zealand,7844,Import
2018,Nicaragua,19,Import
2018,Niger,0,Import
2018,Nigeria,623,Import
2018,North Macedonia,11,Import
2018,Northern Mariana Islands,0,Import
2018,Norway,444,Import
2018,Oman,67,Import
2018,Pakistan,311,Import
2018,Palau,0,Import
2018,Panama,16,Import
2018,Papua New Guinea,3571,Import
2018,Paraguay,0,Import
2018,Peru,323,Import
2018,Philippines,717,Import
2018,Poland,1014,Import
2018,Portugal,299,Import
2018,Puerto Rico,395,Import
2018,Qatar,441,Import
2018,Romania,212,Import
2018,Russia,214,Import
2018,Rwanda,0,Import
2018,Samoa,5,Import
2018,Sao Tome and Principe,0,Import
2018,Saudi Arabia,599,Import
2018,Senegal,0,Import
2018,Serbia,30,Import
2018,Seychelles,8,Import
2018,Sierra Leone,3,Import
2018,Singapore,11443,Import
2018,Slovenia,161,Import
2018,Solomon Islands,10,Import
2018,Somalia,0,Import
2018,South Africa,1162,Import
2018,South Sudan,0,Import
2018,"Southern and East Africa, nec",0,Import
2018,Spain,2566,Import
2018,Sri Lanka,258,Import
2018,St Lucia,0,Import
2018,St Vincent and the Grenadines,0,Import
2018,Sudan,0,Import
2018,Suriname,0,Import
2018,Sweden,2702,Import
2018,Switzerland (includes Liechtenstein),3627,Import
2018,Syria,0,Import
2018,Taiwan,4674,Import
2018,Tajikistan,0,Import
2018,Tanzania,8,Import
2018,Thailand,14920,Import
2018,Timor-Leste,0,Import
2018,Togo,22,Import
2018,Tonga,0,Import
2018,Trinidad and Tobago,21,Import
2018,Tunisia,38,Import
2018,Turkey,1029,Import
2018,Turkmenistan,0,Import
2018,Turks and Caicos Islands,0,Import
2018,Tuvalu,0,Import
2018,Uganda,1,Import
2018,Ukraine,68,Import
2018,United Arab Emirates,3045,Import
2018,United Kingdom,7213,Import
2018,United States of America,31240,Import
2018,Uruguay,7,Import
2018,Uzbekistan,0,Import
2018,Vanuatu,0,Import
2018,Vietnam,6086,Import
2018,"Virgin Islands, United States",0,Import
2018,Yemen,0,Import
2018,Zambia,9,Import
2018,Zimbabwe,0,Import
2019,Afghanistan,1,Import
2019,Albania,6,Import
2019,Algeria,898,Import
2019,Angola,0,Import
2019,Antigua and Barbuda,1,Import
2019,Argentina,755,Import
2019,Armenia,0,Import
2019,Austria,1897,Import
2019,Azerbaijan,0,Import
2019,Bahrain,87,Import
2019,Bangladesh,1129,Import
2019,Barbados,0,Import
2019,Belarus,28,Import
2019,Belgium,1841,Import
2019,Belize,3,Import
2019,Benin,0,Import
2019,Bermuda,0,Import
2019,Bhutan,0,Import
2019,Bolivia,21,Import
2019,Bosnia and Herz.,20,Import
2019,Botswana,0,Import
2019,Brazil,854,Import
2019,Brunei Darussalam,1214,Import
2019,Bulgaria,105,Import
2019,Burkina Faso,0,Import
2019,Burundi,1,Import
2019,Cabo Verde,0,Import
2019,Cambodia,270,Import
2019,Cameroon,0,Import
2019,Canada,2637,Import
2019,Cayman Islands,0,Import
2019,Central African Republic,0,Import
2019,Chad,0,Import
2019,Chile,533,Import
2019,China,79253,Import
2019,Colombia,109,Import
2019,Comoros,0,Import
2019,Dem. Rep. Congo,1,Import
2019,Congo,160,Import
2019,Costa Rica,128,Import
2019,Côte d'Ivoire,13,Import
2019,Croatia,41,Import
2019,Cuba,14,Import
2019,Cyprus,32,Import
2019,Czechia,786,Import
2019,Denmark,1342,Import
2019,Greenland,1342,Import
2019,Djibouti,0,Import
2019,Dominica,0,Import
2019,Dominican Rep.,52,Import
2019,Ecuador,25,Import
2019,Egypt,50,Import
2019,El Salvador,11,Import
2019,Equatorial Guinea,0,Import
2019,Eritrea,0,Import
2019,Estonia,276,Import
2019,Eswatini,0,Import
2019,Ethiopia,26,Import
2019,Fiji,177,Import
2019,Finland,1345,Import
2019,France,6078,Import
2019,French Polynesia,2,Import
2019,Gabon,79,Import
2019,Georgia,1,Import
2019,Germany,14630,Import
2019,Ghana,29,Import
2019,Gibraltar,0,Import
2019,Greece,300,Import
2019,Grenada,0,Import
2019,Guam,1,Import
2019,Guatemala,27,Import
2019,Guinea,0,Import
2019,Guinea-Bissau,0,Import
2019,Guyana,0,Import
2019,Haiti,2,Import
2019,Honduras,70,Import
2019,Hong Kong,586,Import
2019,Hungary,755,Import
2019,Iceland,17,Import
2019,India,4671,Import
2019,Indonesia,4996,Import
2019,Iran,23,Import
2019,Iraq,0,Import
2019,Ireland,1892,Import
2019,Israel,854,Import
2019,Italy,7120,Import
2019,Jamaica,0,Import
2019,Japan,21483,Import
2019,Jordan,61,Import
2019,Kazakhstan,5,Import
2019,Kenya,39,Import
2019,Kiribati,0,Import
2019,South Korea,12046,Import
2019,Kuwait,27,Import
2019,Laos,26,Import
2019,Latvia,35,Import
2019,Lebanon,21,Import
2019,Lesotho,0,Import
2019,Liberia,0,Import
2019,Libya,868,Import
2019,Lithuania,103,Import
2019,Luxembourg,34,Import
2019,Madagascar,28,Import
2019,Malawi,0,Import
2019,Malaysia,10980,Import
2019,Maldives,2,Import
2019,Mali,0,Import
2019,Malta,22,Import
2019,Marshall Islands,0,Import
2019,Mauritania,76,Import
2019,Mauritius,18,Import
2019,Mexico,3036,Import
2019,Moldova,0,Import
2019,Mongolia,1,Import
2019,Montenegro,0,Import
2019,Morocco,57,Import
2019,Mozambique,5,Import
2019,Myanmar,61,Import
2019,Namibia,15,Import
2019,Nauru,6,Import
2019,Nepal,10,Import
2019,Netherlands,3330,Import
2019,New Caledonia,20,Import
2019,New Zealand,7779,Import
2019,Nicaragua,20,Import
2019,Niger,0,Import
2019,Nigeria,554,Import
2019,North Macedonia,10,Import
2019,Northern Mariana Islands,0,Import
2019,Norway,481,Import
2019,Oman,16,Import
2019,Pakistan,358,Import
2019,Palau,0,Import
2019,Panama,12,Import
2019,Papua New Guinea,4106,Import
2019,Paraguay,5,Import
2019,Peru,154,Import
2019,Philippines,700,Import
2019,Poland,1191,Import
2019,Portugal,280,Import
2019,Puerto Rico,317,Import
2019,Qatar,308,Import
2019,Romania,217,Import
2019,Russia,398,Import
2019,Rwanda,0,Import
2019,Samoa,5,Import
2019,Sao Tome and Principe,0,Import
2019,Saudi Arabia,521,Import
2019,Senegal,5,Import
2019,Serbia,37,Import
2019,Seychelles,4,Import
2019,Sierra Leone,0,Import
2019,Singapore,10350,Import
2019,Slovenia,169,Import
2019,Solomon Islands,6,Import
2019,Somalia,0,Import
2019,South Africa,1085,Import
2019,South Sudan,0,Import
2019,"Southern and East Africa, nec",0,Import
2019,Spain,2259,Import
2019,Sri Lanka,283,Import
2019,St Lucia,0,Import
2019,St Vincent and the Grenadines,0,Import
2019,Sudan,0,Import
2019,Suriname,0,Import
2019,Sweden,2113,Import
2019,Switzerland (includes Liechtenstein),3544,Import
2019,Syria,0,Import
2019,Taiwan,5218,Import
2019,Tajikistan,0,Import
2019,Tanzania,6,Import
2019,Thailand,14865,Import
2019,Timor-Leste,1,Import
2019,Togo,17,Import
2019,Tonga,0,Import
2019,Trinidad and Tobago,6,Import
2019,Tunisia,41,Import
2019,Turkey,1101,Import
2019,Turkmenistan,0,Import
2019,Turks and Caicos Islands,0,Import
2019,Tuvalu,0,Import
2019,Uganda,3,Import
2019,Ukraine,84,Import
2019,United Arab Emirates,2699,Import
2019,United Kingdom,7215,Import
2019,United States of America,36011,Import
2019,Uruguay,18,Import
2019,Uzbekistan,0,Import
2019,Vanuatu,1,Import
2019,Vietnam,6016,Import
2019,"Virgin Islands, United States",0,Import
2019,Yemen,118,Import
2019,Zambia,30,Import
2019,Zimbabwe,0,Import
2020,Afghanistan,0,Import
2020,Albania,1,Import
2020,Algeria,158,Import
2020,Angola,0,Import
2020,Antigua and Barbuda,0,Import
2020,Argentina,733,Import
2020,Armenia,0,Import
2020,Austria,1619,Import
2020,Azerbaijan,177,Import
2020,Bahrain,129,Import
2020,Bangladesh,1067,Import
2020,Barbados,0,Import
2020,Belarus,44,Import
2020,Belgium,1879,Import
2020,Belize,5,Import
2020,Benin,0,Import
2020,Bermuda,0,Import
2020,Bhutan,0,Import
2020,Bolivia,15,Import
2020,Bosnia and Herz.,19,Import
2020,Botswana,1,Import
2020,Brazil,874,Import
2020,Brunei Darussalam,1353,Import
2020,Bulgaria,103,Import
2020,Burkina Faso,0,Import
2020,Burundi,0,Import
2020,Cabo Verde,0,Import
2020,Cambodia,310,Import
2020,Cameroon,1,Import
2020,Canada,2399,Import
2020,Cayman Islands,0,Import
2020,Central African Republic,0,Import
2020,Chad,0,Import
2020,Chile,519,Import
2020,China,84420,Import
2020,Colombia,112,Import
2020,Comoros,0,Import
2020,Dem. Rep. Congo,0,Import
2020,Congo,49,Import
2020,Costa Rica,144,Import
2020,Côte d'Ivoire,201,Import
2020,Croatia,41,Import
2020,Cuba,9,Import
2020,Cyprus,40,Import
2020,Czechia,755,Import
2020,Denmark,1337,Import
2020,Greenland,1337,Import
2020,Djibouti,0,Import
2020,Dominica,0,Import
2020,Dominican Rep.,61,Import
2020,Ecuador,21,Import
2020,Egypt,52,Import
2020,El Salvador,10,Import
2020,Equatorial Guinea,0,Import
2020,Eritrea,0,Import
2020,Estonia,357,Import
2020,Eswatini,0,Import
2020,Ethiopia,23,Import
2020,Fiji,183,Import
2020,Finland,1398,Import
2020,France,5831,Import
2020,French Polynesia,0,Import
2020,Gabon,259,Import
2020,Georgia,4,Import
2020,Germany,13644,Import
2020,Ghana,271,Import
2020,Gibraltar,0,Import
2020,Greece,362,Import
2020,Grenada,0,Import
2020,Guam,1,Import
2020,Guatemala,24,Import
2020,Guinea,0,Import
2020,Guinea-Bissau,0,Import
2020,Guyana,0,Import
2020,Haiti,0,Import
2020,Honduras,74,Import
2020,Hong Kong,1200,Import
2020,Hungary,812,Import
2020,Iceland,14,Import
2020,India,5403,Import
2020,Indonesia,4691,Import
2020,Iran,26,Import
2020,Iraq,0,Import
2020,Ireland,1968,Import
2020,Israel,767,Import
2020,Italy,6729,Import
2020,Jamaica,0,Import
2020,Japan,17651,Import
2020,Jordan,41,Import
2020,Kazakhstan,23,Import
2020,Kenya,33,Import
2020,Kiribati,0,Import
2020,South Korea,9033,Import
2020,Kuwait,0,Import
2020,Laos,130,Import
2020,Latvia,64,Import
2020,Lebanon,22,Import
2020,Lesotho,0,Import
2020,Liberia,0,Import
2020,Libya,218,Import
2020,Lithuania,155,Import
2020,Luxembourg,27,Import
2020,Madagascar,19,Import
2020,Malawi,0,Import
2020,Malaysia,9642,Import
2020,Maldives,3,Import
2020,Mali,408,Import
2020,Malta,23,Import
2020,Marshall Islands,0,Import
2020,Mauritania,104,Import
2020,Mauritius,11,Import
2020,Mexico,2944,Import
2020,Moldova,3,Import
2020,Mongolia,0,Import
2020,Montenegro,1,Import
2020,Morocco,56,Import
2020,Mozambique,19,Import
2020,Myanmar,57,Import
2020,Namibia,10,Import
2020,Nauru,0,Import
2020,Nepal,9,Import
2020,Netherlands,2748,Import
2020,New Caledonia,9,Import
2020,New Zealand,7056,Import
2020,Nicaragua,15,Import
2020,Niger,0,Import
2020,Nigeria,308,Import
2020,North Macedonia,12,Import
2020,Northern Mariana Islands,0,Import
2020,Norway,360,Import
2020,Oman,31,Import
2020,Pakistan,337,Import
2020,Palau,0,Import
2020,Panama,4,Import
2020,Papua New Guinea,3457,Import
2020,Paraguay,0,Import
2020,Peru,217,Import
2020,Philippines,621,Import
2020,Poland,1462,Import
2020,Portugal,305,Import
2020,Puerto Rico,246,Import
2020,Qatar,273,Import
2020,Romania,234,Import
2020,Russia,214,Import
2020,Rwanda,0,Import
2020,Samoa,0,Import
2020,Sao Tome and Principe,0,Import
2020,Saudi Arabia,919,Import
2020,Senegal,284,Import
2020,Serbia,47,Import
2020,Seychelles,1,Import
2020,Sierra Leone,2,Import
2020,Singapore,7348,Import
2020,Slovenia,187,Import
2020,Solomon Islands,6,Import
2020,Somalia,0,Import
2020,South Africa,1047,Import
2020,South Sudan,0,Import
2020,"Southern and East Africa, nec",0,Import
2020,Spain,2450,Import
2020,Sri Lanka,248,Import
2020,St Lucia,0,Import
2020,St Vincent and the Grenadines,0,Import
2020,Sudan,0,Import
2020,Suriname,0,Import
2020,Sweden,1852,Import
2020,Switzerland (includes Liechtenstein),3458,Import
2020,Syria,1,Import
2020,Taiwan,4922,Import
2020,Tajikistan,0,Import
2020,Tanzania,6,Import
2020,Thailand,14280,Import
2020,Timor-Leste,0,Import
2020,Togo,10,Import
2020,Tonga,0,Import
2020,Trinidad and Tobago,6,Import
2020,Tunisia,42,Import
2020,Turkey,1132,Import
2020,Turkmenistan,0,Import
2020,Turks and Caicos Islands,0,Import
2020,Tuvalu,0,Import
2020,Uganda,3,Import
2020,Ukraine,108,Import
2020,United Arab Emirates,2044,Import
2020,United Kingdom,6992,Import
2020,United States of America,34415,Import
2020,Uruguay,13,Import
2020,Uzbekistan,0,Import
2020,Vanuatu,0,Import
2020,Vietnam,6260,Import
2020,"Virgin Islands, United States",0,Import
2020,Yemen,0,Import
2020,Zambia,9,Import
2020,Zimbabwe,0,Import
2013,Australia,0,Import
2014,Australia,0,Import
2015,Australia,0,Import
2016,Australia,0,Import
2017,Australia,0,Import
2018,Australia,0,Import
2019,Australia,0,Import
2020,Australia,0,Import
2013,Venezuela,0,Import
2014,Venezuela,0,Import
2015,Venezuela,1,Import
2016,Venezuela,0,Import
2017,Venezuela,0,Import
2018,Venezuela,4,Import
2019,Venezuela,0,Import
2020,Venezuela,0,Import
2013,S. Sudan,0,Import
2014,S. Sudan,0,Import
2015,S. Sudan,0,Import
2016,S. Sudan,0,Import
2017,S. Sudan,0,Import
2018,S. Sudan,0,Import
2019,S. Sudan,0,Import
2020,S. Sudan,0,Import
2013,Central African Rep.,0,Import
2014,Central African Rep.,0,Import
2015,Central African Rep.,0,Import
2016,Central African Rep.,0,Import
2017,Central African Rep.,0,Import
2018,Central African Rep.,0,Import
2019,Central African Rep.,0,Import
2020,Central African Rep.,0,Import
2013,Kyrgyzstan,0,Import
2014,Kyrgyzstan,0,Import
2015,Kyrgyzstan,0,Import
2016,Kyrgyzstan,0,Import
2017,Kyrgyzstan,0,Import
2018,Kyrgyzstan,0,Import
2019,Kyrgyzstan,0,Import
2020,Kyrgyzstan,0,Import
2013,Antarctica,0,Import
2014,Antarctica,0,Import
2015,Antarctica,0,Import
2016,Antarctica,0,Import
2017,Antarctica,0,Import
2018,Antarctica,0,Import
2019,Antarctica,0,Import
2020,Antarctica,0,Import
2013,North Korea,0,Import
2014,North Korea,0,Import
2015,North Korea,0,Import
2016,North Korea,0,Import
2017,North Korea,0,Import
2018,North Korea,0,Import
2019,North Korea,0,Import
2020,North Korea,0,Import
2013,Afghanistan,5,Export
2013,Albania,0,Export
2013,Algeria,2,Export
2013,Angola,9,Export
2013,Antigua and Barbuda,2,Export
2013,Argentina,179,Export
2013,Armenia,5,Export
2013,Austria,88,Export
2013,Azerbaijan,11,Export
2013,Bahrain,667,Export
2013,Bangladesh,567,Export
2013,Barbados,0,Export
2013,Belarus,0,Export
2013,Belgium,1177,Export
2013,Belize,0,Export
2013,Benin,1,Export
2013,Bermuda,0,Export
2013,Bhutan,0,Export
2013,Bolivia,0,Export
2013,Bosnia and Herz.,1,Export
2013,Botswana,6,Export
2013,Brazil,722,Export
2013,Brunei Darussalam,46,Export
2013,Bulgaria,98,Export
2013,Burkina Faso,6,Export
2013,Burundi,0,Export
2013,Cabo Verde,0,Export
2013,Cambodia,29,Export
2013,Cameroon,1,Export
2013,Canada,1372,Export
2013,Cayman Islands,0,Export
2013,Central African Republic,0,Export
2013,Chad,1,Export
2013,Chile,359,Export
2013,China,86270,Export
2013,Colombia,48,Export
2013,Comoros,0,Export
2013,Dem. Rep. Congo,19,Export
2013,Congo,4,Export
2013,Costa Rica,2,Export
2013,Côte d'Ivoire,25,Export
2013,Croatia,0,Export
2013,Cuba,2,Export
2013,Cyprus,0,Export
2013,Czechia,112,Export
2013,Denmark,188,Export
2013,Greenland,188,Export
2013,Djibouti,2,Export
2013,Dominica,0,Export
2013,Dominican Rep.,8,Export
2013,Ecuador,12,Export
2013,Egypt,480,Export
2013,El Salvador,17,Export
2013,Equatorial Guinea,0,Export
2013,Eritrea,0,Export
2013,Estonia,10,Export
2013,Eswatini,0,Export
2013,Ethiopia,0,Export
2013,Fiji,302,Export
2013,Finland,69,Export
2013,France,1248,Export
2013,French Polynesia,45,Export
2013,Gabon,2,Export
2013,Georgia,28,Export
2013,Germany,1924,Export
2013,Ghana,122,Export
2013,Gibraltar,1,Export
2013,Greece,12,Export
2013,Grenada,0,Export
2013,Guam,13,Export
2013,Guatemala,12,Export
2013,Guinea,5,Export
2013,Guinea-Bissau,0,Export
2013,Guyana,0,Export
2013,Haiti,0,Export
2013,Honduras,0,Export
2013,Hong Kong,10683,Export
2013,Hungary,19,Export
2013,Iceland,0,Export
2013,India,9502,Export
2013,Indonesia,4581,Export
2013,Iran,277,Export
2013,Iraq,598,Export
2013,Ireland,69,Export
2013,Israel,228,Export
2013,Italy,701,Export
2013,Jamaica,8,Export
2013,Japan,47052,Export
2013,Jordan,207,Export
2013,Kazakhstan,39,Export
2013,Kenya,94,Export
2013,Kiribati,24,Export
2013,South Korea,19242,Export
2013,Kuwait,606,Export
2013,Laos,41,Export
2013,Latvia,14,Export
2013,Lebanon,41,Export
2013,Lesotho,0,Export
2013,Liberia,3,Export
2013,Libya,11,Export
2013,Lithuania,4,Export
2013,Luxembourg,1,Export
2013,Madagascar,12,Export
2013,Malawi,29,Export
2013,Malaysia,5209,Export
2013,Maldives,29,Export
2013,Mali,35,Export
2013,Malta,4,Export
2013,Marshall Islands,4,Export
2013,Mauritania,22,Export
2013,Mauritius,94,Export
2013,Mexico,394,Export
2013,Moldova,2,Export
2013,Mongolia,23,Export
2013,Montenegro,0,Export
2013,Morocco,33,Export
2013,Mozambique,421,Export
2013,Myanmar,118,Export
2013,Namibia,14,Export
2013,Nauru,138,Export
2013,Nepal,15,Export
2013,Netherlands,2281,Export
2013,New Caledonia,283,Export
2013,New Zealand,7326,Export
2013,Nicaragua,1,Export
2013,Niger,0,Export
2013,Nigeria,166,Export
2013,North Macedonia,0,Export
2013,Northern Mariana Islands,1,Export
2013,Norway,103,Export
2013,Oman,386,Export
2013,Pakistan,402,Export
2013,Palau,0,Export
2013,Panama,55,Export
2013,Papua New Guinea,2472,Export
2013,Paraguay,1,Export
2013,Peru,78,Export
2013,Philippines,1370,Export
2013,Poland,131,Export
2013,Portugal,17,Export
2013,Puerto Rico,4,Export
2013,Qatar,503,Export
2013,Romania,30,Export
2013,Russia,737,Export
2013,Rwanda,18,Export
2013,Samoa,26,Export
2013,Sao Tome and Principe,0,Export
2013,Saudi Arabia,2181,Export
2013,Senegal,54,Export
2013,Serbia,0,Export
2013,Seychelles,3,Export
2013,Sierra Leone,6,Export
2013,Singapore,5618,Export
2013,Slovenia,38,Export
2013,Solomon Islands,147,Export
2013,Somalia,0,Export
2013,South Africa,1321,Export
2013,South Sudan,0,Export
2013,"Southern and East Africa, nec",0,Export
2013,Spain,443,Export
2013,Sri Lanka,201,Export
2013,St Lucia,0,Export
2013,St Vincent and the Grenadines,0,Export
2013,Sudan,291,Export
2013,Suriname,2,Export
2013,Sweden,252,Export
2013,Switzerland (includes Liechtenstein),834,Export
2013,Syria,2,Export
2013,Taiwan,7211,Export
2013,Tajikistan,2,Export
2013,Tanzania,126,Export
2013,Thailand,4898,Export
2013,Timor-Leste,23,Export
2013,Togo,2,Export
2013,Tonga,5,Export
2013,Trinidad and Tobago,19,Export
2013,Tunisia,4,Export
2013,Turkey,922,Export
2013,Turkmenistan,0,Export
2013,Turks and Caicos Islands,0,Export
2013,Tuvalu,0,Export
2013,Uganda,34,Export
2013,Ukraine,34,Export
2013,United Arab Emirates,2625,Export
2013,United Kingdom,3793,Export
2013,United States of America,9272,Export
2013,U.S. Virgin Islands,9272,Export
2013,Uruguay,16,Export
2013,Uzbekistan,5,Export
2013,Vanuatu,68,Export
2013,Vietnam,2127,Export
2013,"Virgin Islands, United States",0,Export
2013,Yemen,321,Export
2013,Zambia,18,Export
2013,Zimbabwe,6,Export
2014,Afghanistan,5,Export
2014,Albania,0,Export
2014,Algeria,48,Export
2014,Angola,9,Export
2014,Antigua and Barbuda,0,Export
2014,Argentina,135,Export
2014,Armenia,0,Export
2014,Austria,74,Export
2014,Azerbaijan,10,Export
2014,Bahrain,728,Export
2014,Bangladesh,549,Export
2014,Barbados,1,Export
2014,Belarus,0,Export
2014,Belgium,1049,Export
2014,Belize,0,Export
2014,Benin,0,Export
2014,Bermuda,0,Export
2014,Bhutan,0,Export
2014,Bolivia,0,Export
2014,Bosnia and Herz.,0,Export
2014,Botswana,1,Export
2014,Brazil,1038,Export
2014,Brunei Darussalam,43,Export
2014,Bulgaria,154,Export
2014,Burkina Faso,7,Export
2014,Burundi,2,Export
2014,Cabo Verde,0,Export
2014,Cambodia,44,Export
2014,Cameroon,0,Export
2014,Canada,1218,Export
2014,Cayman Islands,0,Export
2014,Central African Republic,0,Export
2014,Chad,1,Export
2014,Chile,255,Export
2014,China,82412,Export
2014,Colombia,34,Export
2014,Comoros,0,Export
2014,Dem. Rep. Congo,13,Export
2014,Congo,2,Export
2014,Costa Rica,1,Export
2014,Côte d'Ivoire,7,Export
2014,Croatia,1,Export
2014,Cuba,4,Export
2014,Cyprus,2,Export
2014,Czechia,120,Export
2014,Denmark,113,Export
2014,Greenland,113,Export
2014,Djibouti,0,Export
2014,Dominica,0,Export
2014,Dominican Rep.,8,Export
2014,Ecuador,19,Export
2014,Egypt,483,Export
2014,El Salvador,25,Export
2014,Equatorial Guinea,1,Export
2014,Eritrea,1,Export
2014,Estonia,3,Export
2014,Eswatini,0,Export
2014,Ethiopia,3,Export
2014,Fiji,313,Export
2014,Finland,45,Export
2014,France,1137,Export
2014,French Polynesia,48,Export
2014,Gabon,3,Export
2014,Georgia,8,Export
2014,Germany,1677,Export
2014,Ghana,53,Export
2014,Gibraltar,0,Export
2014,Greece,13,Export
2014,Grenada,0,Export
2014,Guam,12,Export
2014,Guatemala,4,Export
2014,Guinea,1,Export
2014,Guinea-Bissau,0,Export
2014,Guyana,9,Export
2014,Haiti,0,Export
2014,Honduras,0,Export
2014,Hong Kong,9868,Export
2014,Hungary,17,Export
2014,Iceland,3,Export
2014,India,8819,Export
2014,Indonesia,5024,Export
2014,Iran,360,Export
2014,Iraq,280,Export
2014,Ireland,51,Export
2014,Israel,229,Export
2014,Italy,642,Export
2014,Jamaica,13,Export
2014,Japan,47618,Export
2014,Jordan,213,Export
2014,Kazakhstan,20,Export
2014,Kenya,88,Export
2014,Kiribati,19,Export
2014,South Korea,19836,Export
2014,Kuwait,625,Export
2014,Laos,35,Export
2014,Latvia,8,Export
2014,Lebanon,45,Export
2014,Lesotho,0,Export
2014,Liberia,14,Export
2014,Libya,23,Export
2014,Lithuania,3,Export
2014,Luxembourg,0,Export
2014,Madagascar,15,Export
2014,Malawi,12,Export
2014,Malaysia,5982,Export
2014,Maldives,35,Export
2014,Mali,15,Export
2014,Malta,3,Export
2014,Marshall Islands,2,Export
2014,Mauritania,9,Export
2014,Mauritius,110,Export
2014,Mexico,501,Export
2014,Moldova,0,Export
2014,Mongolia,10,Export
2014,Montenegro,0,Export
2014,Morocco,46,Export
2014,Mozambique,405,Export
2014,Myanmar,132,Export
2014,Namibia,20,Export
2014,Nauru,93,Export
2014,Nepal,16,Export
2014,Netherlands,1997,Export
2014,New Caledonia,310,Export
2014,New Zealand,7983,Export
2014,Nicaragua,1,Export
2014,Niger,0,Export
2014,Nigeria,221,Export
2014,North Macedonia,0,Export
2014,Northern Mariana Islands,0,Export
2014,Norway,195,Export
2014,Oman,372,Export
2014,Pakistan,422,Export
2014,Palau,0,Export
2014,Panama,44,Export
2014,Papua New Guinea,2157,Export
2014,Paraguay,0,Export
2014,Peru,57,Export
2014,Philippines,1595,Export
2014,Poland,316,Export
2014,Portugal,17,Export
2014,Puerto Rico,11,Export
2014,Qatar,501,Export
2014,Romania,45,Export
2014,Russia,531,Export
2014,Rwanda,3,Export
2014,Samoa,25,Export
2014,Sao Tome and Principe,0,Export
2014,Saudi Arabia,2257,Export
2014,Senegal,13,Export
2014,Serbia,0,Export
2014,Seychelles,6,Export
2014,Sierra Leone,3,Export
2014,Singapore,8415,Export
2014,Slovenia,20,Export
2014,Solomon Islands,137,Export
2014,Somalia,0,Export
2014,South Africa,1191,Export
2014,South Sudan,0,Export
2014,"Southern and East Africa, nec",0,Export
2014,Spain,572,Export
2014,Sri Lanka,241,Export
2014,St Lucia,0,Export
2014,St Vincent and the Grenadines,0,Export
2014,Sudan,186,Export
2014,Suriname,0,Export
2014,Sweden,275,Export
2014,Switzerland (includes Liechtenstein),545,Export
2014,Syria,2,Export
2014,Taiwan,6893,Export
2014,Tajikistan,2,Export
2014,Tanzania,58,Export
2014,Thailand,5134,Export
2014,Timor-Leste,38,Export
2014,Togo,1,Export
2014,Tonga,13,Export
2014,Trinidad and Tobago,19,Export
2014,Tunisia,6,Export
2014,Turkey,495,Export
2014,Turkmenistan,1,Export
2014,Turks and Caicos Islands,0,Export
2014,Tuvalu,0,Export
2014,Uganda,16,Export
2014,Ukraine,114,Export
2014,United Arab Emirates,2942,Export
2014,United Kingdom,3670,Export
2014,United States of America,11254,Export
2014,Uruguay,8,Export
2014,Uzbekistan,2,Export
2014,Vanuatu,76,Export
2014,Vietnam,3042,Export
2014,"Virgin Islands, United States",0,Export
2014,Yemen,316,Export
2014,Zambia,26,Export
2014,Zimbabwe,0,Export
2015,Afghanistan,0,Export
2015,Albania,0,Export
2015,Algeria,13,Export
2015,Angola,5,Export
2015,Antigua and Barbuda,0,Export
2015,Argentina,337,Export
2015,Armenia,1,Export
2015,Austria,90,Export
2015,Azerbaijan,8,Export
2015,Bahrain,912,Export
2015,Bangladesh,686,Export
2015,Barbados,1,Export
2015,Belarus,0,Export
2015,Belgium,1204,Export
2015,Belize,0,Export
2015,Benin,0,Export
2015,Bermuda,0,Export
2015,Bhutan,0,Export
2015,Bolivia,1,Export
2015,Bosnia and Herz.,0,Export
2015,Botswana,8,Export
2015,Brazil,1117,Export
2015,Brunei Darussalam,46,Export
2015,Bulgaria,89,Export
2015,Burkina Faso,18,Export
2015,Burundi,1,Export
2015,Cabo Verde,0,Export
2015,Cambodia,44,Export
2015,Cameroon,5,Export
2015,Canada,1540,Export
2015,Cayman Islands,0,Export
2015,Central African Republic,1,Export
2015,Chad,0,Export
2015,Chile,312,Export
2015,China,75236,Export
2015,Colombia,32,Export
2015,Comoros,0,Export
2015,Dem. Rep. Congo,7,Export
2015,Congo,3,Export
2015,Costa Rica,4,Export
2015,Côte d'Ivoire,15,Export
2015,Croatia,1,Export
2015,Cuba,0,Export
2015,Cyprus,0,Export
2015,Czechia,139,Export
2015,Denmark,120,Export
2015,Greenland,120,Export
2015,Djibouti,1,Export
2015,Dominica,0,Export
2015,Dominican Rep.,12,Export
2015,Ecuador,14,Export
2015,Egypt,540,Export
2015,El Salvador,18,Export
2015,Equatorial Guinea,5,Export
2015,Eritrea,8,Export
2015,Estonia,6,Export
2015,Eswatini,0,Export
2015,Ethiopia,1,Export
2015,Fiji,367,Export
2015,Finland,36,Export
2015,France,1113,Export
2015,French Polynesia,49,Export
2015,Gabon,4,Export
2015,Georgia,4,Export
2015,Germany,1853,Export
2015,Ghana,60,Export
2015,Gibraltar,3,Export
2015,Greece,13,Export
2015,Grenada,0,Export
2015,Guam,14,Export
2015,Guatemala,15,Export
2015,Guinea,5,Export
2015,Guinea-Bissau,0,Export
2015,Guyana,0,Export
2015,Haiti,0,Export
2015,Honduras,0,Export
2015,Hong Kong,8982,Export
2015,Hungary,23,Export
2015,Iceland,0,Export
2015,India,10339,Export
2015,Indonesia,4966,Export
2015,Iran,92,Export
2015,Iraq,38,Export
2015,Ireland,63,Export
2015,Israel,304,Export
2015,Italy,716,Export
2015,Jamaica,38,Export
2015,Japan,39540,Export
2015,Jordan,243,Export
2015,Kazakhstan,19,Export
2015,Kenya,75,Export
2015,Kiribati,27,Export
2015,South Korea,17675,Export
2015,Kuwait,741,Export
2015,Laos,26,Export
2015,Latvia,6,Export
2015,Lebanon,54,Export
2015,Lesotho,0,Export
2015,Liberia,1,Export
2015,Libya,4,Export
2015,Lithuania,12,Export
2015,Luxembourg,12,Export
2015,Madagascar,8,Export
2015,Malawi,17,Export
2015,Malaysia,4554,Export
2015,Maldives,35,Export
2015,Mali,15,Export
2015,Malta,2,Export
2015,Marshall Islands,5,Export
2015,Mauritania,4,Export
2015,Mauritius,100,Export
2015,Mexico,527,Export
2015,Moldova,0,Export
2015,Mongolia,9,Export
2015,Montenegro,0,Export
2015,Morocco,15,Export
2015,Mozambique,459,Export
2015,Myanmar,142,Export
2015,Namibia,11,Export
2015,Nauru,67,Export
2015,Nepal,37,Export
2015,Netherlands,2253,Export
2015,New Caledonia,362,Export
2015,New Zealand,8341,Export
2015,Nicaragua,2,Export
2015,Niger,0,Export
2015,Nigeria,245,Export
2015,North Macedonia,0,Export
2015,Northern Mariana Islands,2,Export
2015,Norway,56,Export
2015,Oman,499,Export
2015,Pakistan,643,Export
2015,Palau,1,Export
2015,Panama,55,Export
2015,Papua New Guinea,1699,Export
2015,Paraguay,0,Export
2015,Peru,82,Export
2015,Philippines,1537,Export
2015,Poland,304,Export
2015,Portugal,17,Export
2015,Puerto Rico,0,Export
2015,Qatar,667,Export
2015,Romania,55,Export
2015,Russia,528,Export
2015,Rwanda,3,Export
2015,Samoa,34,Export
2015,Sao Tome and Principe,0,Export
2015,Saudi Arabia,2166,Export
2015,Senegal,23,Export
2015,Serbia,0,Export
2015,Seychelles,9,Export
2015,Sierra Leone,5,Export
2015,Singapore,6748,Export
2015,Slovenia,34,Export
2015,Solomon Islands,156,Export
2015,Somalia,0,Export
2015,South Africa,1228,Export
2015,South Sudan,0,Export
2015,"Southern and East Africa, nec",0,Export
2015,Spain,561,Export
2015,Sri Lanka,320,Export
2015,St Lucia,0,Export
2015,St Vincent and the Grenadines,0,Export
2015,Sudan,72,Export
2015,Suriname,2,Export
2015,Sweden,267,Export
2015,Switzerland (includes Liechtenstein),695,Export
2015,Syria,4,Export
2015,Taiwan,6286,Export
2015,Tajikistan,0,Export
2015,Tanzania,116,Export
2015,Thailand,4306,Export
2015,Timor-Leste,26,Export
2015,Togo,4,Export
2015,Tonga,13,Export
2015,Trinidad and Tobago,21,Export
2015,Tunisia,7,Export
2015,Turkey,466,Export
2015,Turkmenistan,1,Export
2015,Turks and Caicos Islands,0,Export
2015,Tuvalu,6,Export
2015,Uganda,9,Export
2015,Ukraine,145,Export
2015,United Arab Emirates,3358,Export
2015,United Kingdom,3689,Export
2015,United States of America,13605,Export
2015,Uruguay,9,Export
2015,Uzbekistan,1,Export
2015,Vanuatu,86,Export
2015,Vietnam,3463,Export
2015,"Virgin Islands, United States",0,Export
2015,Yemen,386,Export
2015,Zambia,20,Export
2015,Zimbabwe,0,Export
2016,Afghanistan,22,Export
2016,Albania,1,Export
2016,Algeria,6,Export
2016,Angola,7,Export
2016,Antigua and Barbuda,0,Export
2016,Argentina,167,Export
2016,Armenia,0,Export
2016,Austria,49,Export
2016,Azerbaijan,2,Export
2016,Bahrain,753,Export
2016,Bangladesh,821,Export
2016,Barbados,2,Export
2016,Belarus,0,Export
2016,Belgium,950,Export
2016,Belize,0,Export
2016,Benin,1,Export
2016,Bermuda,0,Export
2016,Bhutan,0,Export
2016,Bolivia,1,Export
2016,Bosnia and Herz.,0,Export
2016,Botswana,0,Export
2016,Brazil,1149,Export
2016,Brunei Darussalam,42,Export
2016,Bulgaria,92,Export
2016,Burkina Faso,14,Export
2016,Burundi,0,Export
2016,Cabo Verde,0,Export
2016,Cambodia,45,Export
2016,Cameroon,3,Export
2016,Canada,1775,Export
2016,Cayman Islands,0,Export
2016,Central African Republic,3,Export
2016,Chad,1,Export
2016,Chile,472,Export
2016,China,81703,Export
2016,Colombia,49,Export
2016,Comoros,0,Export
2016,Dem. Rep. Congo,2,Export
2016,Congo,0,Export
2016,Costa Rica,11,Export
2016,Côte d'Ivoire,22,Export
2016,Croatia,13,Export
2016,Cuba,0,Export
2016,Cyprus,4,Export
2016,Czechia,145,Export
2016,Denmark,132,Export
2016,Greenland,132,Export
2016,Djibouti,3,Export
2016,Dominica,0,Export
2016,Dominican Rep.,7,Export
2016,Ecuador,18,Export
2016,Egypt,417,Export
2016,El Salvador,19,Export
2016,Equatorial Guinea,0,Export
2016,Eritrea,0,Export
2016,Estonia,10,Export
2016,Eswatini,0,Export
2016,Ethiopia,3,Export
2016,Fiji,418,Export
2016,Finland,67,Export
2016,France,1261,Export
2016,French Polynesia,49,Export
2016,Gabon,1,Export
2016,Georgia,3,Export
2016,Germany,2405,Export
2016,Ghana,119,Export
2016,Gibraltar,0,Export
2016,Greece,14,Export
2016,Grenada,0,Export
2016,Guam,15,Export
2016,Guatemala,4,Export
2016,Guinea,3,Export
2016,Guinea-Bissau,0,Export
2016,Guyana,1,Export
2016,Haiti,2,Export
2016,Honduras,0,Export
2016,Hong Kong,9964,Export
2016,Hungary,33,Export
2016,Iceland,218,Export
2016,India,11250,Export
2016,Indonesia,5363,Export
2016,Iran,80,Export
2016,Iraq,36,Export
2016,Ireland,105,Export
2016,Israel,260,Export
2016,Italy,733,Export
2016,Jamaica,16,Export
2016,Japan,35558,Export
2016,Jordan,190,Export
2016,Kazakhstan,14,Export
2016,Kenya,67,Export
2016,Kiribati,25,Export
2016,South Korea,17298,Export
2016,Kuwait,700,Export
2016,Laos,24,Export
2016,Latvia,7,Export
2016,Lebanon,42,Export
2016,Lesotho,0,Export
2016,Liberia,0,Export
2016,Libya,1,Export
2016,Lithuania,10,Export
2016,Luxembourg,1,Export
2016,Madagascar,9,Export
2016,Malawi,19,Export
2016,Malaysia,4726,Export
2016,Maldives,37,Export
2016,Mali,13,Export
2016,Malta,3,Export
2016,Marshall Islands,4,Export
2016,Mauritania,10,Export
2016,Mauritius,88,Export
2016,Mexico,464,Export
2016,Moldova,0,Export
2016,Mongolia,15,Export
2016,Montenegro,0,Export
2016,Morocco,23,Export
2016,Mozambique,369,Export
2016,Myanmar,158,Export
2016,Namibia,8,Export
2016,Nauru,57,Export
2016,Nepal,46,Export
2016,Netherlands,2572,Export
2016,New Caledonia,343,Export
2016,New Zealand,8667,Export
2016,Nicaragua,2,Export
2016,Niger,1,Export
2016,Nigeria,191,Export
2016,North Macedonia,0,Export
2016,Northern Mariana Islands,3,Export
2016,Norway,69,Export
2016,Oman,494,Export
2016,Pakistan,647,Export
2016,Palau,1,Export
2016,Panama,46,Export
2016,Papua New Guinea,1704,Export
2016,Paraguay,0,Export
2016,Peru,62,Export
2016,Philippines,1917,Export
2016,Poland,384,Export
2016,Portugal,17,Export
2016,Puerto Rico,2,Export
2016,Qatar,558,Export
2016,Romania,54,Export
2016,Russia,448,Export
2016,Rwanda,2,Export
2016,Samoa,30,Export
2016,Sao Tome and Principe,0,Export
2016,Saudi Arabia,1599,Export
2016,Senegal,24,Export
2016,Serbia,0,Export
2016,Seychelles,6,Export
2016,Sierra Leone,0,Export
2016,Singapore,5503,Export
2016,Slovenia,48,Export
2016,Solomon Islands,107,Export
2016,Somalia,1,Export
2016,South Africa,975,Export
2016,South Sudan,0,Export
2016,"Southern and East Africa, nec",0,Export
2016,Spain,556,Export
2016,Sri Lanka,219,Export
2016,St Lucia,0,Export
2016,St Vincent and the Grenadines,0,Export
2016,Sudan,8,Export
2016,Suriname,0,Export
2016,Sweden,296,Export
2016,Switzerland (includes Liechtenstein),1072,Export
2016,Syria,1,Export
2016,Taiwan,7211,Export
2016,Tajikistan,0,Export
2016,Tanzania,52,Export
2016,Thailand,3545,Export
2016,Timor-Leste,37,Export
2016,Togo,4,Export
2016,Tonga,19,Export
2016,Trinidad and Tobago,19,Export
2016,Tunisia,10,Export
2016,Turkey,539,Export
2016,Turkmenistan,1,Export
2016,Turks and Caicos Islands,0,Export
2016,Tuvalu,2,Export
2016,Uganda,8,Export
2016,Ukraine,52,Export
2016,United Arab Emirates,2881,Export
2016,United Kingdom,10073,Export
2016,United States of America,11979,Export
2016,Uruguay,11,Export
2016,Uzbekistan,0,Export
2016,Vanuatu,88,Export
2016,Vietnam,3760,Export
2016,"Virgin Islands, United States",0,Export
2016,Yemen,254,Export
2016,Zambia,17,Export
2016,Zimbabwe,0,Export
2017,Afghanistan,12,Export
2017,Albania,2,Export
2017,Algeria,32,Export
2017,Angola,7,Export
2017,Antigua and Barbuda,0,Export
2017,Argentina,337,Export
2017,Armenia,1,Export
2017,Austria,55,Export
2017,Azerbaijan,3,Export
2017,Bahrain,896,Export
2017,Bangladesh,1194,Export
2017,Barbados,0,Export
2017,Belarus,0,Export
2017,Belgium,1256,Export
2017,Belize,0,Export
2017,Benin,0,Export
2017,Bermuda,0,Export
2017,Bhutan,0,Export
2017,Bolivia,1,Export
2017,Bosnia and Herz.,0,Export
2017,Botswana,1,Export
2017,Brazil,1497,Export
2017,Brunei Darussalam,41,Export
2017,Bulgaria,20,Export
2017,Burkina Faso,17,Export
2017,Burundi,0,Export
2017,Cabo Verde,0,Export
2017,Cambodia,39,Export
2017,Cameroon,5,Export
2017,Canada,1624,Export
2017,Cayman Islands,1,Export
2017,Central African Republic,0,Export
2017,Chad,1,Export
2017,Chile,388,Export
2017,China,99563,Export
2017,Colombia,52,Export
2017,Comoros,0,Export
2017,Dem. Rep. Congo,1,Export
2017,Congo,0,Export
2017,Costa Rica,3,Export
2017,Côte d'Ivoire,61,Export
2017,Croatia,1,Export
2017,Cuba,0,Export
2017,Cyprus,4,Export
2017,Czechia,172,Export
2017,Denmark,159,Export
2017,Greenland,159,Export
2017,Djibouti,3,Export
2017,Dominica,0,Export
2017,Dominican Rep.,11,Export
2017,Ecuador,21,Export
2017,Egypt,539,Export
2017,El Salvador,16,Export
2017,Equatorial Guinea,0,Export
2017,Eritrea,2,Export
2017,Estonia,12,Export
2017,Eswatini,0,Export
2017,Ethiopia,0,Export
2017,Fiji,424,Export
2017,Finland,59,Export
2017,France,1417,Export
2017,French Polynesia,51,Export
2017,Gabon,1,Export
2017,Georgia,11,Export
2017,Germany,2399,Export
2017,Ghana,100,Export
2017,Gibraltar,0,Export
2017,Greece,19,Export
2017,Grenada,0,Export
2017,Guam,10,Export
2017,Guatemala,1,Export
2017,Guinea,7,Export
2017,Guinea-Bissau,0,Export
2017,Guyana,3,Export
2017,Haiti,0,Export
2017,Honduras,1,Export
2017,Hong Kong,12001,Export
2017,Hungary,28,Export
2017,Iceland,272,Export
2017,India,15734,Export
2017,Indonesia,6661,Export
2017,Iran,150,Export
2017,Iraq,90,Export
2017,Ireland,97,Export
2017,Israel,213,Export
2017,Italy,732,Export
2017,Jamaica,19,Export
2017,Japan,44093,Export
2017,Jordan,141,Export
2017,Kazakhstan,13,Export
2017,Kenya,121,Export
2017,Kiribati,24,Export
2017,South Korea,20314,Export
2017,Kuwait,563,Export
2017,Laos,24,Export
2017,Latvia,11,Export
2017,Lebanon,47,Export
2017,Lesotho,0,Export
2017,Liberia,0,Export
2017,Libya,1,Export
2017,Lithuania,7,Export
2017,Luxembourg,2,Export
2017,Madagascar,18,Export
2017,Malawi,6,Export
2017,Malaysia,5695,Export
2017,Maldives,41,Export
2017,Mali,13,Export
2017,Malta,2,Export
2017,Marshall Islands,1,Export
2017,Mauritania,16,Export
2017,Mauritius,105,Export
2017,Mexico,223,Export
2017,Moldova,0,Export
2017,Mongolia,24,Export
2017,Montenegro,2,Export
2017,Morocco,41,Export
2017,Mozambique,561,Export
2017,Myanmar,173,Export
2017,Namibia,10,Export
2017,Nauru,43,Export
2017,Nepal,51,Export
2017,Netherlands,2928,Export
2017,New Caledonia,394,Export
2017,New Zealand,8962,Export
2017,Nicaragua,0,Export
2017,Niger,4,Export
2017,Nigeria,217,Export
2017,North Macedonia,0,Export
2017,Northern Mariana Islands,0,Export
2017,Norway,86,Export
2017,Oman,375,Export
2017,Pakistan,700,Export
2017,Palau,1,Export
2017,Panama,116,Export
2017,Papua New Guinea,1735,Export
2017,Paraguay,2,Export
2017,Peru,65,Export
2017,Philippines,2299,Export
2017,Poland,448,Export
2017,Portugal,54,Export
2017,Puerto Rico,1,Export
2017,Qatar,511,Export
2017,Romania,76,Export
2017,Russia,484,Export
2017,Rwanda,0,Export
2017,Samoa,32,Export
2017,Sao Tome and Principe,0,Export
2017,Saudi Arabia,1262,Export
2017,Senegal,50,Export
2017,Serbia,0,Export
2017,Seychelles,7,Export
2017,Sierra Leone,2,Export
2017,Singapore,6629,Export
2017,Slovenia,121,Export
2017,Solomon Islands,115,Export
2017,Somalia,1,Export
2017,South Africa,1393,Export
2017,South Sudan,0,Export
2017,"Southern and East Africa, nec",0,Export
2017,Spain,658,Export
2017,Sri Lanka,281,Export
2017,St Lucia,1,Export
2017,St Vincent and the Grenadines,0,Export
2017,Sudan,10,Export
2017,Suriname,2,Export
2017,Sweden,297,Export
2017,Switzerland (includes Liechtenstein),1439,Export
2017,Syria,0,Export
2017,Taiwan,8631,Export
2017,Tajikistan,0,Export
2017,Tanzania,43,Export
2017,Thailand,4464,Export
2017,Timor-Leste,30,Export
2017,Togo,4,Export
2017,Tonga,13,Export
2017,Trinidad and Tobago,26,Export
2017,Tunisia,3,Export
2017,Turkey,1459,Export
2017,Turkmenistan,1,Export
2017,Turks and Caicos Islands,0,Export
2017,Tuvalu,1,Export
2017,Uganda,16,Export
2017,Ukraine,65,Export
2017,United Arab Emirates,3443,Export
2017,United Kingdom,6014,Export
2017,United States of America,11731,Export
2017,Uruguay,6,Export
2017,Uzbekistan,2,Export
2017,Vanuatu,75,Export
2017,Vietnam,4609,Export
2017,"Virgin Islands, United States",0,Export
2017,Yemen,271,Export
2017,Zambia,20,Export
2017,Zimbabwe,0,Export
2018,Afghanistan,6,Export
2018,Albania,1,Export
2018,Algeria,11,Export
2018,Angola,23,Export
2018,Antigua and Barbuda,0,Export
2018,Argentina,445,Export
2018,Armenia,0,Export
2018,Austria,40,Export
2018,Azerbaijan,2,Export
2018,Bahrain,1421,Export
2018,Bangladesh,902,Export
2018,Barbados,0,Export
2018,Belarus,0,Export
2018,Belgium,961,Export
2018,Belize,2,Export
2018,Benin,1,Export
2018,Bermuda,0,Export
2018,Bhutan,0,Export
2018,Bolivia,1,Export
2018,Bosnia and Herz.,0,Export
2018,Botswana,0,Export
2018,Brazil,1405,Export
2018,Brunei Darussalam,50,Export
2018,Bulgaria,68,Export
2018,Burkina Faso,14,Export
2018,Burundi,0,Export
2018,Cabo Verde,0,Export
2018,Cambodia,56,Export
2018,Cameroon,0,Export
2018,Canada,1912,Export
2018,Cayman Islands,0,Export
2018,Central African Republic,1,Export
2018,Chad,0,Export
2018,Chile,325,Export
2018,China,117815,Export
2018,Colombia,53,Export
2018,Comoros,0,Export
2018,Dem. Rep. Congo,1,Export
2018,Congo,0,Export
2018,Costa Rica,4,Export
2018,Côte d'Ivoire,78,Export
2018,Croatia,1,Export
2018,Cuba,0,Export
2018,Cyprus,4,Export
2018,Czechia,185,Export
2018,Denmark,96,Export
2018,Greenland,96,Export
2018,Djibouti,1,Export
2018,Dominica,0,Export
2018,Dominican Rep.,16,Export
2018,Ecuador,23,Export
2018,Egypt,612,Export
2018,El Salvador,21,Export
2018,Equatorial Guinea,0,Export
2018,Eritrea,7,Export
2018,Estonia,10,Export
2018,Eswatini,0,Export
2018,Ethiopia,4,Export
2018,Fiji,474,Export
2018,Finland,88,Export
2018,France,1634,Export
2018,French Polynesia,57,Export
2018,Gabon,0,Export
2018,Georgia,76,Export
2018,Germany,2719,Export
2018,Ghana,85,Export
2018,Gibraltar,0,Export
2018,Greece,31,Export
2018,Grenada,0,Export
2018,Guam,12,Export
2018,Guatemala,4,Export
2018,Guinea,12,Export
2018,Guinea-Bissau,0,Export
2018,Guyana,3,Export
2018,Haiti,0,Export
2018,Honduras,0,Export
2018,Hong Kong,10326,Export
2018,Hungary,36,Export
2018,Iceland,427,Export
2018,India,16628,Export
2018,Indonesia,6411,Export
2018,Iran,150,Export
2018,Iraq,275,Export
2018,Ireland,105,Export
2018,Israel,283,Export
2018,Italy,872,Export
2018,Jamaica,25,Export
2018,Japan,55414,Export
2018,Jordan,132,Export
2018,Kazakhstan,14,Export
2018,Kenya,79,Export
2018,Kiribati,19,Export
2018,South Korea,23741,Export
2018,Kuwait,383,Export
2018,Laos,26,Export
2018,Latvia,16,Export
2018,Lebanon,39,Export
2018,Lesotho,0,Export
2018,Liberia,1,Export
2018,Libya,3,Export
2018,Lithuania,5,Export
2018,Luxembourg,58,Export
2018,Madagascar,20,Export
2018,Malawi,0,Export
2018,Malaysia,7382,Export
2018,Maldives,45,Export
2018,Mali,14,Export
2018,Malta,1,Export
2018,Marshall Islands,3,Export
2018,Mauritania,12,Export
2018,Mauritius,99,Export
2018,Mexico,254,Export
2018,Moldova,0,Export
2018,Mongolia,38,Export
2018,Montenegro,0,Export
2018,Morocco,21,Export
2018,Mozambique,701,Export
2018,Myanmar,161,Export
2018,Namibia,10,Export
2018,Nauru,47,Export
2018,Nepal,48,Export
2018,Netherlands,3492,Export
2018,New Caledonia,439,Export
2018,New Zealand,9610,Export
2018,Nicaragua,1,Export
2018,Niger,0,Export
2018,Nigeria,144,Export
2018,North Macedonia,0,Export
2018,Northern Mariana Islands,3,Export
2018,Norway,171,Export
2018,Oman,608,Export
2018,Pakistan,467,Export
2018,Palau,0,Export
2018,Panama,136,Export
2018,Papua New Guinea,2145,Export
2018,Paraguay,1,Export
2018,Peru,54,Export
2018,Philippines,2192,Export
2018,Poland,523,Export
2018,Portugal,40,Export
2018,Puerto Rico,5,Export
2018,Qatar,871,Export
2018,Romania,48,Export
2018,Russia,619,Export
2018,Rwanda,0,Export
2018,Samoa,39,Export
2018,Sao Tome and Principe,0,Export
2018,Saudi Arabia,736,Export
2018,Senegal,25,Export
2018,Serbia,0,Export
2018,Seychelles,9,Export
2018,Sierra Leone,2,Export
2018,Singapore,9836,Export
2018,Slovenia,39,Export
2018,Solomon Islands,127,Export
2018,Somalia,1,Export
2018,South Africa,1666,Export
2018,South Sudan,0,Export
2018,"Southern and East Africa, nec",0,Export
2018,Spain,867,Export
2018,Sri Lanka,253,Export
2018,St Lucia,0,Export
2018,St Vincent and the Grenadines,0,Export
2018,Sudan,15,Export
2018,Suriname,3,Export
2018,Sweden,398,Export
2018,Switzerland (includes Liechtenstein),1174,Export
2018,Syria,1,Export
2018,Taiwan,10533,Export
2018,Tajikistan,0,Export
2018,Tanzania,52,Export
2018,Thailand,6535,Export
2018,Timor-Leste,20,Export
2018,Togo,14,Export
2018,Tonga,21,Export
2018,Trinidad and Tobago,21,Export
2018,Tunisia,1,Export
2018,Turkey,442,Export
2018,Turkmenistan,0,Export
2018,Turks and Caicos Islands,0,Export
2018,Tuvalu,0,Export
2018,Uganda,2,Export
2018,Ukraine,69,Export
2018,United Arab Emirates,3921,Export
2018,United Kingdom,4840,Export
2018,United States of America,12999,Export
2018,Uruguay,11,Export
2018,Uzbekistan,0,Export
2018,Vanuatu,83,Export
2018,Vietnam,5019,Export
2018,"Virgin Islands, United States",1,Export
2018,Yemen,163,Export
2018,Zambia,14,Export
2018,Zimbabwe,1,Export
2019,Afghanistan,0,Export
2019,Albania,0,Export
2019,Algeria,2,Export
2019,Angola,3,Export
2019,Antigua and Barbuda,0,Export
2019,Argentina,308,Export
2019,Armenia,0,Export
2019,Austria,33,Export
2019,Azerbaijan,0,Export
2019,Bahrain,1186,Export
2019,Bangladesh,913,Export
2019,Barbados,1,Export
2019,Belarus,3,Export
2019,Belgium,1366,Export
2019,Belize,0,Export
2019,Benin,0,Export
2019,Bermuda,1,Export
2019,Bhutan,0,Export
2019,Bolivia,0,Export
2019,Bosnia and Herz.,0,Export
2019,Botswana,19,Export
2019,Brazil,1019,Export
2019,Brunei Darussalam,51,Export
2019,Bulgaria,25,Export
2019,Burkina Faso,15,Export
2019,Burundi,0,Export
2019,Cabo Verde,1,Export
2019,Cambodia,86,Export
2019,Cameroon,0,Export
2019,Canada,2186,Export
2019,Cayman Islands,0,Export
2019,Central African Republic,1,Export
2019,Chad,0,Export
2019,Chile,325,Export
2019,China,148374,Export
2019,Colombia,36,Export
2019,Comoros,0,Export
2019,Dem. Rep. Congo,0,Export
2019,Congo,0,Export
2019,Costa Rica,1,Export
2019,Côte d'Ivoire,77,Export
2019,Croatia,2,Export
2019,Cuba,0,Export
2019,Cyprus,8,Export
2019,Czechia,132,Export
2019,Denmark,122,Export
2019,Greenland,122,Export
2019,Djibouti,1,Export
2019,Dominica,0,Export
2019,Dominican Rep.,14,Export
2019,Ecuador,14,Export
2019,Egypt,535,Export
2019,El Salvador,7,Export
2019,Equatorial Guinea,0,Export
2019,Eritrea,3,Export
2019,Estonia,19,Export
2019,Eswatini,0,Export
2019,Ethiopia,2,Export
2019,Fiji,455,Export
2019,Finland,74,Export
2019,France,1569,Export
2019,French Polynesia,57,Export
2019,Gabon,0,Export
2019,Georgia,88,Export
2019,Germany,3038,Export
2019,Ghana,92,Export
2019,Gibraltar,0,Export
2019,Greece,35,Export
2019,Grenada,0,Export
2019,Guam,9,Export
2019,Guatemala,1,Export
2019,Guinea,6,Export
2019,Guinea-Bissau,0,Export
2019,Guyana,4,Export
2019,Haiti,0,Export
2019,Honduras,2,Export
2019,Hong Kong,7499,Export
2019,Hungary,62,Export
2019,Iceland,261,Export
2019,India,14052,Export
2019,Indonesia,5954,Export
2019,Iran,58,Export
2019,Iraq,26,Export
2019,Ireland,92,Export
2019,Israel,281,Export
2019,Italy,670,Export
2019,Jamaica,32,Export
2019,Japan,56727,Export
2019,Jordan,151,Export
2019,Kazakhstan,26,Export
2019,Kenya,70,Export
2019,Kiribati,18,Export
2019,South Korea,25306,Export
2019,Kuwait,440,Export
2019,Laos,28,Export
2019,Latvia,27,Export
2019,Lebanon,41,Export
2019,Lesotho,0,Export
2019,Liberia,0,Export
2019,Libya,2,Export
2019,Lithuania,6,Export
2019,Luxembourg,20,Export
2019,Madagascar,27,Export
2019,Malawi,0,Export
2019,Malaysia,8905,Export
2019,Maldives,60,Export
2019,Mali,11,Export
2019,Malta,4,Export
2019,Marshall Islands,4,Export
2019,Mauritania,10,Export
2019,Mauritius,99,Export
2019,Mexico,274,Export
2019,Moldova,0,Export
2019,Mongolia,47,Export
2019,Montenegro,0,Export
2019,Morocco,17,Export
2019,Mozambique,507,Export
2019,Myanmar,133,Export
2019,Namibia,13,Export
2019,Nauru,44,Export
2019,Nepal,38,Export
2019,Netherlands,3236,Export
2019,New Caledonia,469,Export
2019,New Zealand,10171,Export
2019,Nicaragua,0,Export
2019,Niger,0,Export
2019,Nigeria,85,Export
2019,North Macedonia,0,Export
2019,Northern Mariana Islands,0,Export
2019,Norway,230,Export
2019,Oman,399,Export
2019,Pakistan,330,Export
2019,Palau,0,Export
2019,Panama,88,Export
2019,Papua New Guinea,2502,Export
2019,Paraguay,0,Export
2019,Peru,90,Export
2019,Philippines,2786,Export
2019,Poland,576,Export
2019,Portugal,17,Export
2019,Puerto Rico,1,Export
2019,Qatar,821,Export
2019,Romania,34,Export
2019,Russia,731,Export
2019,Rwanda,0,Export
2019,Samoa,53,Export
2019,Sao Tome and Principe,0,Export
2019,Saudi Arabia,822,Export
2019,Senegal,26,Export
2019,Serbia,0,Export
2019,Seychelles,9,Export
2019,Sierra Leone,0,Export
2019,Singapore,11935,Export
2019,Slovenia,98,Export
2019,Solomon Islands,115,Export
2019,Somalia,1,Export
2019,South Africa,1528,Export
2019,South Sudan,0,Export
2019,"Southern and East Africa, nec",0,Export
2019,Spain,447,Export
2019,Sri Lanka,224,Export
2019,St Lucia,1,Export
2019,St Vincent and the Grenadines,0,Export
2019,Sudan,9,Export
2019,Suriname,17,Export
2019,Sweden,518,Export
2019,Switzerland (includes Liechtenstein),1898,Export
2019,Syria,2,Export
2019,Taiwan,12771,Export
2019,Tajikistan,0,Export
2019,Tanzania,49,Export
2019,Thailand,4452,Export
2019,Timor-Leste,29,Export
2019,Togo,7,Export
2019,Tonga,19,Export
2019,Trinidad and Tobago,37,Export
2019,Tunisia,1,Export
2019,Turkey,490,Export
2019,Turkmenistan,0,Export
2019,Turks and Caicos Islands,0,Export
2019,Tuvalu,2,Export
2019,Uganda,0,Export
2019,Ukraine,85,Export
2019,United Arab Emirates,3691,Export
2019,United Kingdom,15211,Export
2019,United States of America,14773,Export
2019,Uruguay,27,Export
2019,Uzbekistan,1,Export
2019,Vanuatu,82,Export
2019,Vietnam,6066,Export
2019,"Virgin Islands, United States",0,Export
2019,Yemen,19,Export
2019,Zambia,19,Export
2019,Zimbabwe,19,Export
2020,Afghanistan,32,Export
2020,Albania,0,Export
2020,Algeria,4,Export
2020,Angola,7,Export
2020,Antigua and Barbuda,0,Export
2020,Argentina,172,Export
2020,Armenia,0,Export
2020,Austria,43,Export
2020,Azerbaijan,2,Export
2020,Bahrain,881,Export
2020,Bangladesh,809,Export
2020,Barbados,3,Export
2020,Belarus,4,Export
2020,Belgium,876,Export
2020,Belize,1,Export
2020,Benin,0,Export
2020,Bermuda,1,Export
2020,Bhutan,0,Export
2020,Bolivia,0,Export
2020,Bosnia and Herz.,0,Export
2020,Botswana,25,Export
2020,Brazil,743,Export
2020,Brunei Darussalam,386,Export
2020,Bulgaria,95,Export
2020,Burkina Faso,8,Export
2020,Burundi,0,Export
2020,Cabo Verde,0,Export
2020,Cambodia,120,Export
2020,Cameroon,0,Export
2020,Canada,2099,Export
2020,Cayman Islands,0,Export
2020,Central African Republic,0,Export
2020,Chad,0,Export
2020,Chile,409,Export
2020,China,146579,Export
2020,Colombia,28,Export
2020,Comoros,0,Export
2020,Dem. Rep. Congo,0,Export
2020,Congo,18,Export
2020,Costa Rica,4,Export
2020,Côte d'Ivoire,53,Export
2020,Croatia,15,Export
2020,Cuba,0,Export
2020,Cyprus,7,Export
2020,Czechia,103,Export
2020,Denmark,115,Export
2020,Greenland,115,Export
2020,Djibouti,1,Export
2020,Dominica,0,Export
2020,Dominican Rep.,13,Export
2020,Ecuador,8,Export
2020,Egypt,565,Export
2020,El Salvador,3,Export
2020,Equatorial Guinea,0,Export
2020,Eritrea,2,Export
2020,Estonia,14,Export
2020,Eswatini,0,Export
2020,Ethiopia,7,Export
2020,Fiji,348,Export
2020,Finland,141,Export
2020,France,1801,Export
2020,French Polynesia,51,Export
2020,Gabon,26,Export
2020,Georgia,4,Export
2020,Germany,3785,Export
2020,Ghana,99,Export
2020,Gibraltar,1,Export
2020,Greece,59,Export
2020,Grenada,0,Export
2020,Guam,10,Export
2020,Guatemala,2,Export
2020,Guinea,6,Export
2020,Guinea-Bissau,0,Export
2020,Guyana,5,Export
2020,Haiti,1,Export
2020,Honduras,0,Export
2020,Hong Kong,6817,Export
2020,Hungary,56,Export
2020,Iceland,54,Export
2020,India,9949,Export
2020,Indonesia,5239,Export
2020,Iran,14,Export
2020,Iraq,25,Export
2020,Ireland,120,Export
2020,Israel,237,Export
2020,Italy,513,Export
2020,Jamaica,22,Export
2020,Japan,43715,Export
2020,Jordan,119,Export
2020,Kazakhstan,17,Export
2020,Kenya,76,Export
2020,Kiribati,23,Export
2020,South Korea,23285,Export
2020,Kuwait,396,Export
2020,Laos,27,Export
2020,Latvia,23,Export
2020,Lebanon,24,Export
2020,Lesotho,0,Export
2020,Liberia,0,Export
2020,Libya,0,Export
2020,Lithuania,12,Export
2020,Luxembourg,1,Export
2020,Madagascar,15,Export
2020,Malawi,0,Export
2020,Malaysia,7001,Export
2020,Maldives,29,Export
2020,Mali,30,Export
2020,Malta,3,Export
2020,Marshall Islands,4,Export
2020,Mauritania,6,Export
2020,Mauritius,79,Export
2020,Mexico,206,Export
2020,Moldova,0,Export
2020,Mongolia,35,Export
2020,Montenegro,0,Export
2020,Morocco,22,Export
2020,Mozambique,423,Export
2020,Myanmar,167,Export
2020,Namibia,7,Export
2020,Nauru,57,Export
2020,Nepal,65,Export
2020,Netherlands,2592,Export
2020,New Caledonia,404,Export
2020,New Zealand,10055,Export
2020,Nicaragua,1,Export
2020,Niger,0,Export
2020,Nigeria,34,Export
2020,North Macedonia,0,Export
2020,Northern Mariana Islands,0,Export
2020,Norway,145,Export
2020,Oman,415,Export
2020,Pakistan,460,Export
2020,Palau,1,Export
2020,Panama,54,Export
2020,Papua New Guinea,2005,Export
2020,Paraguay,1,Export
2020,Peru,108,Export
2020,Philippines,2095,Export
2020,Poland,282,Export
2020,Portugal,16,Export
2020,Puerto Rico,1,Export
2020,Qatar,775,Export
2020,Romania,32,Export
2020,Russia,683,Export
2020,Rwanda,0,Export
2020,Samoa,30,Export
2020,Sao Tome and Principe,0,Export
2020,Saudi Arabia,903,Export
2020,Senegal,28,Export
2020,Serbia,1,Export
2020,Seychelles,3,Export
2020,Sierra Leone,1,Export
2020,Singapore,11791,Export
2020,Slovenia,57,Export
2020,Solomon Islands,82,Export
2020,Somalia,0,Export
2020,South Africa,1117,Export
2020,South Sudan,0,Export
2020,"Southern and East Africa, nec",0,Export
2020,Spain,458,Export
2020,Sri Lanka,194,Export
2020,St Lucia,1,Export
2020,St Vincent and the Grenadines,0,Export
2020,Sudan,8,Export
2020,Suriname,10,Export
2020,Sweden,321,Export
2020,Switzerland (includes Liechtenstein),2559,Export
2020,Syria,1,Export
2020,Taiwan,9924,Export
2020,Tajikistan,0,Export
2020,Tanzania,44,Export
2020,Thailand,3997,Export
2020,Timor-Leste,64,Export
2020,Togo,5,Export
2020,Tonga,20,Export
2020,Trinidad and Tobago,22,Export
2020,Tunisia,0,Export
2020,Turkey,400,Export
2020,Turkmenistan,0,Export
2020,Turks and Caicos Islands,0,Export
2020,Tuvalu,1,Export
2020,Uganda,0,Export
2020,Ukraine,10,Export
2020,United Arab Emirates,2838,Export
2020,United Kingdom,14801,Export
2020,United States of America,19138,Export
2020,Uruguay,8,Export
2020,Uzbekistan,8,Export
2020,Vanuatu,70,Export
2020,Vietnam,6396,Export
2020,"Virgin Islands, United States",0,Export
2020,Yemen,15,Export
2020,Zambia,15,Export
2020,Zimbabwe,15,Export
2013,Australia,0,Export
2014,Australia,0,Export
2015,Australia,0,Export
2016,Australia,0,Export
2017,Australia,0,Export
2018,Australia,0,Export
2019,Australia,0,Export
2020,Australia,0,Export
2013,Venezuela,6,Export
2014,Venezuela,7,Export
2015,Venezuela,31,Export
2016,Venezuela,15,Export
2017,Venezuela,0,Export
2018,Venezuela,1,Export
2019,Venezuela,5,Export
2020,Venezuela,1,Export
2013,S. Sudan,0,Export
2014,S. Sudan,0,Export
2015,S. Sudan,0,Export
2016,S. Sudan,0,Export
2017,S. Sudan,0,Export
2018,S. Sudan,0,Export
2019,S. Sudan,0,Export
2020,S. Sudan,0,Export
2013,Central African Rep.,0,Export
2014,Central African Rep.,0,Export
2015,Central African Rep.,0,Export
2016,Central African Rep.,0,Export
2017,Central African Rep.,0,Export
2018,Central African Rep.,0,Export
2019,Central African Rep.,0,Export
2020,Central African Rep.,0,Export
2013,Kyrgyzstan,0,Export
2014,Kyrgyzstan,0,Export
2015,Kyrgyzstan,0,Export
2016,Kyrgyzstan,0,Export
2017,Kyrgyzstan,0,Export
2018,Kyrgyzstan,0,Export
2019,Kyrgyzstan,0,Export
2020,Kyrgyzstan,0,Export
2013,Antarctica,0,Export
2014,Antarctica,0,Export
2015,Antarctica,0,Export
2016,Antarctica,0,Export
2017,Antarctica,0,Export
2018,Antarctica,0,Export
2019,Antarctica,0,Export
2020,Antarctica,0,Export
2013,North Korea,0,Export
2014,North Korea,0,Export
2015,North Korea,0,Export
2016,North Korea,0,Export
2017,North Korea,0,Export
2018,North Korea,0,Export
2019,North Korea,0,Export
2020,North Korea,0,Export